,protein_id,protein_name,hgnc_symbol
1,0,A0AUZ9,KANSL1L
2,1,A1A4Y4,IRGM
3,2,A1L3X0,ELOVL7
4,3,A2A288,ZC3H12D
5,4,A2IDD5,CCDC78
6,5,A2RU49,HYKK
7,6,A4D126,CRPPA
8,7,A5PKW4,PSD
9,8,A6BM72,MEGF11
10,9,A6NC98,CCDC88B
11,10,A6NCL1,GMNC
12,11,A6NDD5,SYNDIG1L
13,12,A6NKT7,RGPD3
14,13,A6NLJ0,C2CD4B
15,14,A7XYQ1,SOBP
16,15,A8MPY1,GABRR3
17,16,A8TX70,COL6A5
18,17,B2RNN3,C1QTNF9B
19,18,B2RXF5,ZBTB42
20,19,C9JR72,KBTBD13
21,20,D6RB81,NA
22,21,E5RQL4,FTCDNL1
23,22,F1T0I5,NA
24,23,F5HC79,NA
25,24,F5HCU8,NA
26,25,F5HGI9,NA
27,26,H3BUU9,NA
28,27,I6TLU5,NA
29,28,O00165,HAX1
30,29,O00170,AIP
31,30,O00180,KCNK1
32,31,O00204,SULT2B1
33,32,O00206,TLR4
34,33,O00213,APBB1
35,34,O00217,NDUFS8
36,35,O00220,TNFRSF10A
37,36,O00221,NFKBIE
38,37,O00222,GRM8
39,38,O00238,BMPR1B
40,39,O00244,ATOX1
41,40,O00253,AGRP
42,41,O00255,MEN1
43,42,O00267,SUPT5H
44,43,O00291,HIP1
45,44,O00300,TNFRSF11B
46,45,O00305,CACNB4
47,46,O00327,BMAL1
48,47,O00329,PIK3CD
49,48,O00330,PDHX
50,49,O00337,SLC28A1
51,50,O00341,SLC1A7
52,51,O00358,FOXE1
53,52,O00408,PDE2A
54,53,O00411,POLRMT
55,54,O00423,EML1
56,55,O00425,IGF2BP3
57,56,O00429,DNM1L
58,57,O00442,RTCA
59,58,O00444,PLK4
60,59,O00459,PIK3R2
61,60,O00469,PLOD2
62,61,O00483,NDUFA4
63,62,O00519,FAAH
64,63,O00534,VWA5A
65,64,O00555,CACNA1A
66,65,O00559,EBAG9
67,66,O00591,GABRP
68,67,O00748,CES2
69,68,O00750,PIK3C2B
70,69,O00764,PDXK
71,70,O14497,ARID1A
72,71,O14521,SDHD
73,72,O14556,GAPDHS
74,73,O14561,NDUFAB1
75,74,O14569,CYB561D2_ENSG00000114395
76,75,O14578,CIT
77,76,O14594,NCAN
78,77,O14618,CCS
79,78,O14639,ABLIM1
80,79,O14646,CHD1
81,80,O14647,CHD2
82,81,O14649,KCNK3
83,82,O14653,GOSR2
84,83,O14656,TOR1A
85,84,O14668,PRRG1
86,85,O14669,PRRG2
87,86,O14715,RGPD8
88,87,O14730,RIOK3
89,88,O14746,TERT
90,89,O14757,CHEK1
91,90,O14763,TNFRSF10B
92,91,O14764,GABRD
93,92,O14788,TNFSF11
94,93,O14791,APOL1
95,94,O14798,TNFRSF10C
96,95,O14827,RASGRF2
97,96,O14832,PHYH
98,97,O14836,TNFRSF13B
99,98,O14841,OPLAH
100,99,O14842,FFAR1
101,100,O14874,BCKDK
102,101,O14920,IKBKB
103,102,O14931,NCR3
104,103,O14936,CASK
105,104,O14958,CASQ2
106,105,O14964,HGS
107,106,O14965,AURKA
108,107,O14976,GAK
109,108,O14979,HNRNPDL
110,109,O14980,XPO1
111,110,O15055,PER2
112,111,O15067,PFAS
113,112,O15075,DCLK1
114,113,O15084,ANKRD28
115,114,O15105,SMAD7
116,115,O15111,CHUK
117,116,O15118,NPC1
118,117,O15120,AGPAT2
119,118,O15143,ARPC1B
120,119,O15144,ARPC2
121,120,O15145,ARPC3
122,121,O15146,MUSK
123,122,O15156,ZBTB7B
124,123,O15160,POLR1C
125,124,O15164,TRIM24
126,125,O15169,AXIN1
127,126,O15178,TBXT
128,127,O15197,NA
129,128,O15204,ADAMDEC1
130,129,O15209,ZBTB22
131,130,O15239,NDUFA1
132,131,O15244,SLC22A2
133,132,O15245,SLC22A1
134,133,O15264,MAPK13
135,134,O15269,SPTLC1
136,135,O15270,SPTLC2
137,136,O15273,TCAP
138,137,O15297,PPM1D
139,138,O15304,SIVA1
140,139,O15350,TP73
141,140,O15379,HDAC3
142,141,O15381,NVL
143,142,O15382,BCAT2
144,143,O15389,SIGLEC5_ENSG00000105501
145,144,O15392,BIRC5
146,145,O15399,GRIN2D
147,146,O15405,TOX3
148,147,O15427,SLC16A3
149,148,O15431,SLC31A1
150,149,O15432,SLC31A2
151,150,O15438,ABCC3
152,151,O15439,ABCC4
153,152,O15440,ABCC5
154,153,O15511,ARPC5
155,154,O15514,POLR2D
156,155,O15519,CFLAR
157,156,O15520,FGF10
158,157,O15527,OGG1
159,158,O15528,CYP27B1
160,159,O15530,PDPK1
161,160,O15534,PER1
162,161,O15540,FABP7
163,162,O15553,MEFV
164,163,O15554,KCNN4
165,164,O43155,FLRT2
166,165,O43167,ZBTB24
167,166,O43174,CYP26A1
168,167,O43175,PHGDH
169,168,O43181,NDUFS4
170,169,O43186,CRX
171,170,O43193,MLNR
172,171,O43246,SLC7A4
173,172,O43272,PRODH
174,173,O43283,MAP3K13
175,174,O43290,SART1
176,175,O43291,SPINT2
177,176,O43293,DAPK3
178,177,O43309,ZSCAN12
179,178,O43314,PPIP5K2
180,179,O43316,PAX4
181,180,O43320,FGF16
182,181,O43353,RIPK2
183,182,O43424,GRID2
184,183,O43427,FIBP
185,184,O43451,MGAM
186,185,O43464,HTRA2
187,186,O43497,CACNA1G
188,187,O43502,RAD51C
189,188,O43505,B4GAT1
190,189,O43508,TNFSF12
191,190,O43519,NA
192,191,O43520,ATP8B1
193,192,O43525,KCNQ3
194,193,O43526,KCNQ2
195,194,O43542,XRCC3
196,195,O43548,TGM5
197,196,O43555,GNRH2
198,197,O43557,TNFSF14
199,198,O43559,FRS3
200,199,O43570,CA12
201,200,O43612,HCRT
202,201,O43674,NDUFB5
203,202,O43676,NDUFB3
204,203,O43677,NDUFC1
205,204,O43678,NDUFA2
206,205,O43692,PI15
207,206,O43699,SIGLEC6
208,207,O43707,ACTN4
209,208,O43741,PRKAB2
210,209,O43763,TLX2
211,210,O43765,SGTA
212,211,O43766,LIAS
213,212,O43772,SLC25A20
214,213,O43781,DYRK3
215,214,O43790,KRT86
216,215,O43837,IDH3B
217,216,O43854,EDIL3
218,217,O43868,SLC28A2
219,218,O43889,CREB3
220,219,O43908,KLRC4
221,220,O43914,TYROBP
222,221,O43920,NDUFS5
223,222,O43924,PDE6D
224,223,O60218,AKR1B10
225,224,O60229,KALRN
226,225,O60238,BNIP3L
227,226,O60240,PLIN1
228,227,O60258,FGF17
229,228,O60260,PRKN
230,229,O60285,NUAK1
231,230,O60346,PHLPP1
232,231,O60353,FZD6
233,232,O60359,CACNG3
234,233,O60391,GRIN3B
235,234,O60427,FADS1
236,235,O60488,ACSL4
237,236,O60494,CUBN
238,237,O60500,NPHS1
239,238,O60516,EIF4EBP3
240,239,O60519,CREBL2
241,240,O60524,NEMF
242,241,O60543,CIDEA
243,242,O60563,CCNT1
244,243,O60566,BUB1B
245,244,O60568,PLOD3
246,245,O60573,EIF4E2
247,246,O60583,CCNT2
248,247,O60603,TLR2
249,248,O60656,UGT1A9
250,249,O60658,PDE8A
251,250,O60662,KLHL41
252,251,O60669,SLC16A7
253,252,O60674,JAK2
254,253,O60683,PEX10
255,254,O60701,UGDH
256,255,O60706,ABCC9
257,256,O60733,PLA2G6
258,257,O60760,HPGDS
259,258,O60826,CCDC22
260,259,O60840,CACNA1F
261,260,O60890,OPHN1
262,261,O60894,RAMP1
263,262,O60895,RAMP2
264,263,O60896,RAMP3
265,264,O60931,CTNS
266,265,O60939,SCN2B
267,266,O75027,ABCB7
268,267,O75031,HSF2BP
269,268,O75072,FKTN
270,269,O75074,LRP3
271,270,O75095,MEGF6
272,271,O75096,LRP4
273,272,O75116,ROCK2
274,273,O75127,PTCD1
275,274,O75132,ZBED4
276,275,O75147,OBSL1
277,276,O75152,ZC3H11A
278,277,O75173,ADAMTS4
279,278,O75197,LRP5
280,279,O75204,TMEM127
281,280,O75251,NDUFS7
282,281,O75293,GADD45B
283,282,O75306,NDUFS2
284,283,O75311,GLRA3
285,284,O75330,HMMR
286,285,O75340,PDCD6
287,286,O75360,PROP1
288,287,O75364,PITX3
289,288,O75368,SH3BGRL
290,289,O75380,NDUFS6
291,290,O75381,PEX14
292,291,O75385,ULK1
293,292,O75417,POLQ
294,293,O75425,MOSPD3
295,294,O75438,NDUFB1
296,295,O75444,MAF
297,296,O75460,ERN1
298,297,O75469,NR1I2
299,298,O75473,LGR5
300,299,O75474,FRAT2
301,300,O75486,SUPT3H
302,301,O75489,NDUFS3
303,302,O75493,CA11
304,303,O75506,HSBP1
305,304,O75509,TNFRSF21
306,305,O75521,ECI2
307,306,O75533,SF3B1
308,307,O75569,PRKRA
309,308,O75575,CRCP
310,309,O75581,LRP6
311,310,O75618,DEDD
312,311,O75636,FCN3
313,312,O75648,TRMU
314,313,O75716,STK16
315,314,O75717,WDHD1
316,315,O75747,PIK3C2G
317,316,O75751,SLC22A3
318,317,O75752,B3GALNT1
319,318,O75762,TRPA1
320,319,O75771,RAD51D
321,320,O75787,ATP6AP2
322,321,O75795,UGT2B17
323,322,O75800,ZMYND10
324,323,O75828,CBR3
325,324,O75830,SERPINI2
326,325,O75874,IDH1
327,326,O75879,GATB
328,327,O75888,TNFSF13
329,328,O75899,GABBR2
330,329,O75909,CCNK
331,330,O75911,DHRS3
332,331,O75914,PAK3
333,332,O75915,ARL6IP5
334,333,O75923,DYSF
335,334,O75936,BBOX1
336,335,O75940,SMNDC1
337,336,O75952,CABYR
338,337,O75971,SNAPC5
339,338,O76011,KRT34
340,339,O76013,KRT36
341,340,O76014,KRT37
342,341,O76015,KRT38
343,342,O76024,WFS1
344,343,O76054,SEC14L2
345,344,O76071,CIAO1
346,345,O76074,PDE5A
347,346,O76076,CCN5
348,347,O76080,ZFAND5
349,348,O76082,SLC22A5
350,349,O76083,PDE9A
351,350,O76087,GAGE12G
352,350,O76087,GAGE12F
353,351,O76093,FGF18
354,352,O94759,TRPM2
355,353,O94760,DDAH1
356,354,O94766,B3GAT3
357,355,O94768,STK17B
358,356,O94788,ALDH1A2
359,357,O94804,STK10
360,358,O94806,PRKD3
361,359,O94808,GFPT2
362,360,O94827,PLEKHG5
363,361,O94842,TOX4
364,362,O94844,RHOBTB1
365,363,O94885,SASH1
366,364,O94898,LRIG2
367,365,O94900,TOX
368,366,O94901,SUN1
369,367,O94925,GLS
370,368,O94929,ABLIM3
371,369,O94955,RHOBTB3
372,370,O94956,SLCO2B1
373,371,O95045,UPP2
374,372,O95067,CCNB2
375,373,O95069,KCNK2
376,374,O95081,AGFG2
377,375,O95136,S1PR2
378,376,O95139,NDUFB6
379,377,O95149,SNUPN
380,378,O95150,TNFSF15
381,379,O95163,ELP1
382,380,O95167,NDUFA3
383,381,O95168,NDUFB4
384,382,O95169,NDUFB8
385,383,O95178,NDUFB2
386,384,O95180,CACNA1H
387,385,O95182,NDUFA7
388,386,O95199,RCBTB2
389,387,O95202,LETM1
390,388,O95210,STBD1
391,389,O95214,LEPROTL1
392,390,O95237,LRAT
393,391,O95238,SPDEF
394,392,O95243,MBD4
395,393,O95249,GOSR1
396,394,O95255,ABCC6
397,395,O95257,GADD45G
398,396,O95259,KCNH1
399,397,O95263,PDE8B
400,398,O95264,HTR3B
401,399,O95292,VAPB
402,400,O95298,NDUFC2
403,401,O95299,NDUFA10
404,402,O95342,ABCB11
405,403,O95363,FARS2
406,404,O95365,ZBTB7A
407,405,O95379,TNFAIP8
408,406,O95382,MAP3K6
409,407,O95388,CCN4
410,408,O95389,CCN6
411,409,O95407,TNFRSF6B
412,410,O95427,PIGN
413,411,O95445,APOM
414,412,O95477,ABCA1
415,413,O95478,NSA2
416,414,O95479,H6PD
417,415,O95528,SLC2A10
418,416,O95571,ETHE1
419,417,O95573,ACSL3
420,418,O95622,ADCY5
421,419,O95677,EYA4
422,420,O95678,KRT75
423,421,O95684,CEP43
424,422,O95704,APBB3
425,423,O95718,ESRRB
426,424,O95747,OXSR1
427,425,O95749,GGPS1
428,426,O95750,FGF19
429,427,O95810,CAVIN2
430,428,O95817,BAG3
431,429,O95819,MAP4K4
432,430,O95831,AIFM1
433,431,O95835,LATS1
434,432,O95872,GPANK1
435,433,O95922,TTLL1
436,434,O95925,EPPIN-WFDC6
437,434,O95925,EPPIN
438,435,O95932,TGM6
439,436,O95954,FTCD
440,437,O95967,EFEMP2
441,438,O95970,LGI1
442,439,O95977,S1PR4
443,440,O95980,RECK
444,441,O95983,MBD3
445,442,O95994,AGR2
446,443,O95999,BCL10
447,444,O96000,NDUFB10
448,445,O96001,PPP1R17
449,446,O96006,ZBED1
450,447,O96013,PAK4
451,448,O96017,CHEK2
452,449,O96018,APBA3
453,450,O96020,CCNE2
454,451,P00167,CYB5A
455,452,P00325,ADH1B
456,453,P00326,ADH1C
457,454,P00338,LDHA
458,455,P00352,ALDH1A1
459,456,P00367,GLUD1
460,457,P00374,DHFR
461,458,P00387,CYB5R3
462,459,P00390,GSR
463,460,P00395,MT-CO1
464,461,P00403,MT-CO2
465,462,P00414,MT-CO3
466,463,P00439,PAH
467,464,P00441,SOD1
468,465,P00450,CP
469,466,P00488,F13A1
470,467,P00491,PNP
471,468,P00492,HPRT1
472,469,P00505,GOT2
473,470,P00519,ABL1
474,471,P00533,EGFR
475,472,P00568,AK1
476,473,P00734,F2
477,474,P00736,NA
478,475,P00739,HPR
479,476,P00740,F9
480,477,P00742,F10
481,478,P00747,PLG
482,479,P00748,F12
483,480,P00749,PLAU
484,481,P00750,PLAT
485,482,P00751,CFB
486,483,P00797,REN
487,484,P00813,ADA
488,485,P00846,MT-ATP6
489,486,P00915,CA1
490,487,P00918,CA2
491,488,P00973,OAS1
492,489,P01008,SERPINC1
493,490,P01009,SERPINA1
494,491,P01011,SERPINA3
495,492,P01019,AGT
496,493,P01023,A2M
497,494,P01024,C3
498,495,P01031,C5
499,496,P01034,CST3
500,497,P01042,KNG1
501,498,P01100,FOS
502,499,P01106,MYC
503,500,P01111,NRAS
504,501,P01112,HRAS
505,502,P01116,KRAS
506,503,P01130,LDLR
507,504,P01133,EGF
508,505,P01137,TGFB1
509,506,P01138,NGF
510,507,P01148,GNRH1
511,508,P01160,NPPA
512,509,P01185,AVP
513,510,P01189,POMC
514,511,P01222,TSHB
515,512,P01229,LHB
516,513,P01236,PRL
517,514,P01241,GH1
518,515,P01242,GH2
519,516,P01270,PTH
520,517,P01286,GHRH
521,518,P01303,NPY
522,519,P01308,INS
523,520,P01374,LTA
524,521,P01375,TNF
525,522,P01562,IFNA1
526,522,P01562,IFNA13
527,523,P01563,IFNA2
528,524,P01566,IFNA10
529,525,P01567,IFNA7
530,526,P01568,IFNA21
531,527,P01569,IFNA5
532,528,P01570,IFNA14
533,529,P01571,IFNA17
534,530,P01574,IFNB1
535,531,P01579,IFNG
536,532,P01584,IL1B
537,533,P01588,EPO
538,534,P01591,JCHAIN
539,535,P01599,IGKV1-17
540,536,P01619,IGKV3-20
541,537,P01709,IGLV2-8
542,538,P01871,IGHM
543,539,P01876,IGHA1
544,540,P01911,HLA-DRB1
545,541,P01920,HLA-DQB1
546,542,P02452,COL1A1
547,543,P02458,COL2A1
548,544,P02461,COL3A1
549,545,P02462,COL4A1
550,546,P02511,CRYAB
551,547,P02533,KRT14
552,548,P02538,KRT6A
553,549,P02545,LMNA
554,550,P02585,TNNC2
555,551,P02647,APOA1
556,552,P02649,APOE
557,553,P02652,APOA2
558,554,P02654,APOC1
559,555,P02655,APOC2
560,556,P02671,FGA
561,557,P02675,FGB
562,558,P02679,FGG
563,559,P02708,CHRNA1
564,560,P02724,GYPA
565,561,P02730,SLC4A1
566,562,P02743,APCS
567,563,P02746,NA
568,564,P02747,C1QC
569,565,P02749,APOH
570,566,P02751,FN1
571,567,P02753,RBP4
572,568,P02763,ORM1
573,569,P02765,AHSG
574,570,P02766,TTR
575,571,P02768,ALB
576,572,P02774,GC
577,573,P02776,PF4
578,574,P02786,TFRC
579,575,P02787,TF
580,576,P02788,LTF
581,577,P02792,FTL
582,578,P02794,FTH1
583,579,P02795,MT2A
584,580,P02818,BGLAP
585,581,P03372,ESR1
586,582,P03886,MT-ND1
587,583,P03891,MT-ND2
588,584,P03897,MT-ND3
589,585,P03901,MT-ND4L
590,586,P03905,MT-ND4
591,587,P03915,MT-ND5
592,588,P03923,MT-ND6
593,589,P03950,ANG
594,590,P03952,KLKB1
595,591,P03956,MMP1
596,592,P04003,C4BPA
597,593,P04004,VTN
598,594,P04035,HMGCR
599,595,P04040,CAT
600,596,P04049,RAF1
601,597,P04054,PLA2G1B
602,598,P04062,GBA1
603,599,P04070,PROC
604,600,P04075,ALDOA
605,601,P04083,ANXA1
606,602,P04114,APOB
607,603,P04141,CSF2
608,604,P04150,NR3C1
609,605,P04155,TFF1
610,606,P04156,PRNP
611,607,P04183,TK1
612,608,P04196,HRG
613,609,P04217,A1BG
614,610,P04259,KRT6B
615,611,P04264,KRT1
616,612,P04271,S100B
617,613,P04275,VWF
618,614,P04278,SHBG
619,615,P04279,SEMG1
620,616,P04406,GAPDH
621,617,P04626,ERBB2
622,618,P04629,NTRK1
623,619,P04637,TP53
624,620,P04731,MT1A
625,621,P04745,NA
626,622,P04746,AMY2A
627,623,P04798,CYP1A1
628,624,P04818,TYMS
629,625,P04899,GNAI2
630,626,P04921,GYPC
631,627,P05000,IFNW1
632,628,P05013,IFNA6
633,629,P05014,IFNA4
634,630,P05015,IFNA16
635,631,P05019,IGF1
636,632,P05023,ATP1A1
637,633,P05026,ATP1B1
638,634,P05067,APP
639,635,P05089,ARG1
640,636,P05090,APOD
641,637,P05091,ALDH2
642,638,P05093,CYP17A1
643,639,P05106,ITGB3
644,640,P05108,CYP11A1
645,641,P05109,S100A8
646,642,P05114,HMGN1
647,643,P05121,SERPINE1
648,644,P05129,PRKCG
649,645,P05141,SLC25A5
650,646,P05155,SERPING1
651,647,P05156,CFI
652,648,P05160,F13B
653,649,P05162,LGALS2
654,650,P05164,MPO
655,651,P05166,PCCB
656,652,P05177,CYP1A2
657,653,P05181,CYP2E1
658,654,P05186,ALPL
659,655,P05187,ALPP
660,656,P05204,HMGN2
661,657,P05230,FGF1
662,658,P05231,IL6
663,659,P05305,EDN1
664,660,P05362,ICAM1
665,661,P05412,JUN
666,662,P05543,SERPINA7
667,663,P05546,SERPIND1
668,664,P05771,PRKCB
669,665,P05783,KRT18
670,666,P05787,KRT8
671,667,P05813,CRYBA1
672,668,P05997,COL5A2
673,669,P06133,UGT2B4
674,670,P06213,INSR
675,671,P06239,LCK
676,672,P06241,FYN
677,673,P06276,BCHE
678,674,P06280,GLA
679,675,P06396,GSN
680,676,P06400,RB1
681,677,P06401,PGR
682,678,P06493,CDK1
683,679,P06576,ATP5F1B
684,680,P06681,C2
685,681,P06702,S100A9
686,682,P06727,APOA4
687,683,P06731,CEACAM5
688,684,P06733,ENO1
689,685,P06744,GPI
690,686,P06746,POLB
691,687,P06748,NPM1
692,688,P06756,ITGAV
693,689,P06858,LPL
694,690,P07098,LIPF
695,691,P07099,EPHX1
696,692,P07101,TH
697,693,P07148,FABP1
698,694,P07195,LDHB
699,695,P07202,TPO
700,696,P07203,GPX1
701,697,P07204,THBD
702,698,P07225,PROS1
703,699,P07237,P4HB
704,700,P07288,KLK3
705,701,P07320,CRYGD
706,702,P07327,ADH1A
707,703,P07332,FES
708,704,P07333,CSF1R
709,705,P07355,ANXA2
710,706,P07357,C8A
711,707,P07358,C8B
712,708,P07359,GP1BA
713,709,P07360,C8G
714,710,P07437,TUBB
715,711,P07451,CA3
716,712,P07477,PRSS1
717,713,P07478,PRSS2
718,714,P07498,CSN3
719,715,P07510,CHRNG
720,716,P07550,ADRB2
721,717,P07602,PSAP
722,718,P07686,HEXB
723,719,P07711,CTSL
724,720,P07737,PFN1
725,721,P07814,EPRS1
726,722,P07864,LDHC
727,723,P07900,HSP90AA1
728,724,P07911,UMOD
729,725,P07947,YES1
730,726,P07948,LYN
731,727,P07949,RET
732,728,P07988,SFTPB
733,729,P07998,RNASE1
734,730,P08069,IGF1R
735,731,P08118,MSMB
736,732,P08123,COL1A2
737,733,P08172,CHRM2
738,734,P08173,CHRM4
739,735,P08174,CD55
740,736,P08183,ABCB1
741,737,P08185,SERPINA6
742,738,P08235,NR3C2
743,739,P08236,GUSB
744,740,P08243,ASNS
745,741,P08246,ELANE
746,742,P08247,SYP
747,743,P08253,MMP2
748,744,P08263,GSTA1
749,745,P08319,ADH4
750,746,P08397,HMBS
751,747,P08473,MME
752,748,P08493,MGP
753,749,P08519,LPA
754,750,P08559,PDHA1
755,751,P08572,COL4A2
756,752,P08581,MET
757,753,P08588,ADRB1
758,754,P08590,MYL3
759,755,P08603,CFH
760,756,P08620,FGF4
761,757,P08631,HCK
762,758,P08637,FCGR3A
763,759,P08648,ITGA5
764,760,P08684,CYP3A4
765,761,P08686,CYP21A2
766,762,P08700,IL3
767,763,P08708,RPS17
768,764,P08709,F7
769,765,P08727,KRT19
770,766,P08729,KRT7
771,767,P08758,ANXA5
772,768,P08779,KRT16
773,769,P08833,IGFBP1
774,770,P08842,NA
775,771,P08908,HTR1A
776,772,P08912,CHRM5
777,773,P08913,ADRA2A
778,774,P08922,ROS1
779,775,P09038,FGF2
780,776,P09086,POU2F2
781,777,P09172,DBH
782,778,P09210,GSTA2
783,779,P09211,GSTP1
784,780,P09417,QDPR
785,781,P09455,RBP1
786,782,P09488,GSTM1
787,783,P09493,TPM1
788,784,P09525,ANXA4
789,785,P09601,HMOX1
790,786,P09603,CSF1
791,787,P09619,PDGFRB
792,788,P09622,DLD
793,789,P09669,COX6C
794,790,P09683,SCT
795,791,P09769,FGR
796,792,P09848,LCT
797,793,P09871,C1S
798,794,P09874,PARP1
799,795,P09884,POLA1
800,796,P09917,ALOX5
801,797,P09919,CSF3
802,798,P09936,UCHL1
803,799,P09958,FURIN
804,800,P09960,LTA4H
805,801,P0C091,FREM3
806,802,P0C0L5,C4B
807,802,P0C0L5,C4B_2
808,803,P0C264,SBK3
809,804,P0C6A0,ZGLP1
810,805,P0C7M7,ACSM4
811,806,P0C7P0,CISD3
812,807,P0C7Q2,ARMS2
813,808,P0C851,PIRT
814,809,P0C862,C1QTNF9
815,810,P0CAP2,POLR2M
816,811,P0CB47,UBTFL1
817,812,P0CF75,EBLN1
818,813,P0CG04,NA
819,814,P0CW18,PRSS56
820,815,P0DJD0,NA
821,816,P0DJD1,RGPD2
822,817,P0DMS8,ADORA3
823,818,P0DP23,CALM1
824,819,P0DP91,ERCC6
825,820,P0DPB5,POLR1D
826,821,P0DSO3,NA
827,822,P0DTW1,GAGE1
828,823,P10073,ZSCAN22
829,824,P10082,PYY
830,825,P10147,CCL3
831,826,P10176,COX8A
832,827,P10253,GAA
833,828,P10275,AR
834,829,P10276,RARA
835,830,P10321,HLA-C
836,831,P10415,BCL2
837,832,P10515,DLAT
838,833,P10523,SAG
839,834,P10606,COX5B
840,835,P10632,CYP2C8
841,836,P10635,CYP2D6
842,837,P10636,MAPT
843,838,P10644,PRKAR1A
844,839,P10646,TFPI
845,840,P10696,ALPG
846,841,P10721,KIT
847,842,P10745,RBP3
848,843,P10746,UROS
849,844,P10767,FGF6
850,845,P10826,RARB
851,846,P10827,THRA
852,847,P10828,THRB
853,848,P10909,CLU
854,849,P10911,MCF2
855,850,P10912,GHR
856,851,P10914,IRF1
857,852,P10915,HAPLN1
858,853,P10916,MYL2
859,854,P11021,HSPA5
860,855,P11086,PNMT
861,856,P11137,MAP2
862,857,P11142,HSPA8
863,858,P11150,LIPC
864,859,P11166,SLC2A1
865,860,P11168,SLC2A2
866,861,P11169,SLC2A3
867,862,P11172,UMPS
868,863,P11177,PDHB
869,864,P11215,ITGAM
870,865,P11229,CHRM1
871,866,P11230,CHRNB1
872,867,P11245,NAT2
873,868,P11274,BCR
874,869,P11309,PIM1
875,870,P11310,ACADM
876,871,P11362,FGFR1
877,872,P11387,TOP1
878,873,P11388,TOP2A
879,874,P11473,VDR
880,875,P11474,ESRRA
881,876,P11487,FGF3
882,877,P11509,CYP2A6
883,878,P11511,CYP19A1
884,879,P11532,DMD
885,880,P11586,MTHFD1
886,881,P11678,EPX
887,882,P11684,SCGB1A1
888,883,P11686,SFTPC
889,884,P11712,CYP2C9
890,885,P11717,IGF2R
891,886,P11766,ADH5
892,887,P11802,CDK4
893,888,P11836,MS4A1
894,889,P11926,ODC1
895,890,P12004,PCNA
896,891,P12034,FGF5
897,892,P12035,KRT3
898,893,P12036,NEFH
899,894,P12104,FABP2
900,895,P12107,COL11A1
901,896,P12109,COL6A1
902,897,P12110,COL6A2
903,898,P12111,COL6A3
904,899,P12235,SLC25A4
905,900,P12236,SLC25A6
906,901,P12259,F5
907,902,P12268,IMPDH2
908,903,P12271,RLBP1
909,904,P12277,CKB
910,905,P12314,FCGR1A
911,906,P12429,ANXA3
912,907,P12644,BMP4
913,908,P12694,BCKDHA
914,909,P12821,ACE
915,910,P12883,MYH7
916,911,P12931,SRC
917,912,P13073,COX4I1
918,913,P13224,GP1BB
919,914,P13500,CCL2
920,915,P13533,MYH6
921,916,P13569,CFTR
922,917,P13584,CYP4B1
923,918,P13611,VCAN
924,919,P13612,ITGA4
925,920,P13631,RARG
926,921,P13637,ATP1A3
927,922,P13645,KRT10
928,923,P13646,KRT13
929,924,P13647,KRT5
930,925,P13674,P4HA1
931,926,P13688,CEACAM1
932,927,P13693,TPT1
933,928,P13716,ALAD
934,929,P13861,PRKAR2A
935,930,P13866,SLC5A1
936,931,P13942,COL11A2
937,932,P13945,ADRB3
938,933,P13995,MTHFD2
939,934,P14060,HSD3B1
940,935,P14061,HSD17B1
941,936,P14138,EDN3
942,937,P14207,FOLR2
943,938,P14210,HGF
944,939,P14317,HCLS1
945,940,P14324,FDPS
946,941,P14415,ATP1B2
947,942,P14416,DRD2
948,943,P14550,AKR1A1
949,944,P14555,PLA2G2A
950,945,P14616,INSRR
951,946,P14625,HSP90B1
952,947,P14635,CCNB1
953,948,P14672,SLC2A4
954,949,P14679,TYR
955,950,P14735,IDE
956,951,P14770,GP9
957,952,P14780,MMP9
958,953,P14854,COX6B1
959,954,P14859,POU2F1
960,955,P14867,GABRA1
961,956,P14902,IDO1
962,957,P14920,DAO
963,958,P14923,JUP
964,959,P14927,UQCRB
965,960,P15056,BRAF
966,961,P15090,FABP4
967,962,P15104,GLUL
968,963,P15121,AKR1B1
969,964,P15144,ANPEP
970,965,P15169,CPN1
971,966,P15260,IFNGR1
972,967,P15289,ARSA
973,968,P15313,ATP6V1B1
974,969,P15328,FOLR1
975,970,P15382,KCNE1
976,971,P15391,CD19
977,972,P15428,HPGD
978,973,P15502,ELN
979,974,P15509,CSF2RA
980,975,P15531,NME1
981,976,P15538,CYP11B1
982,977,P15559,NQO1
983,978,P15692,VEGFA
984,979,P15822,HIVEP1
985,980,P15848,ARSB
986,981,P15924,DSP
987,982,P15954,COX7C
988,983,P15976,GATA1
989,984,P16050,ALOX15
990,985,P16066,NPR1
991,986,P16070,CD44
992,987,P16083,NQO2
993,988,P16109,SELP
994,989,P16118,PFKFB1
995,990,P16152,CBR1
996,991,P16219,ACADS
997,992,P16220,CREB1
998,993,P16233,PNLIP
999,994,P16234,PDGFRA
1000,995,P16278,GLB1
1001,996,P16284,PECAM1
1002,997,P16389,KCNA2
1003,998,P16410,CTLA4
1004,999,P16422,EPCAM
1005,1000,P16435,POR
1006,1001,P16444,DPEP1
1007,1002,P16452,EPB42
1008,1003,P16455,MGMT
1009,1004,P16473,TSHR
1010,1005,P16499,PDE6A
1011,1006,P16520,GNB3
1012,1007,P16581,SELE
1013,1008,P16591,FER
1014,1009,P16619,CCL3L3
1015,1010,P16662,UGT2B7
1016,1011,P16671,CD36
1017,1012,P16860,NPPB
1018,1013,P16870,CPE
1019,1014,P16930,FAH
1020,1015,P17040,ZSCAN20
1021,1016,P17096,HMGA1
1022,1017,P17174,GOT1
1023,1018,P17181,IFNAR1
1024,1019,P17252,PRKCA
1025,1020,P17302,GJA1
1026,1021,P17405,SMPD1
1027,1022,P17516,AKR1C4
1028,1023,P17542,TAL1
1029,1024,P17568,NDUFB7
1030,1025,P17600,SYN1
1031,1026,P17612,PRKACA
1032,1027,P17658,KCNA6
1033,1028,P17661,DES
1034,1029,P17677,GAP43
1035,1030,P17693,HLA-G
1036,1031,P17735,TAT
1037,1032,P17752,TPH1
1038,1033,P17787,CHRNB2
1039,1034,P17812,CTPS1
1040,1035,P17861,XBP1
1041,1036,P17927,CR1
1042,1037,P17936,IGFBP3
1043,1038,P17948,FLT1
1044,1039,P17987,TCP1
1045,1040,P18031,PTPN1
1046,1041,P18065,IGFBP2
1047,1042,P18077,RPL35A
1048,1043,P18089,ADRA2B
1049,1044,P18206,VCL
1050,1045,P18405,SRD5A1
1051,1046,P18440,NAT1
1052,1047,P18505,GABRB1
1053,1048,P18507,GABRG2
1054,1049,P18510,IL1RN
1055,1050,P18545,PDE6G
1056,1051,P18577,RHCE
1057,1052,P18825,ADRA2C
1058,1053,P18858,LIG1
1059,1054,P19012,KRT15
1060,1055,P19013,KRT4
1061,1056,P19021,PAM
1062,1057,P19099,CYP11B2
1063,1058,P19224,UGT1A6
1064,1059,P19320,VCAM1
1065,1060,P19367,HK1
1066,1061,P19387,POLR2C
1067,1062,P19388,POLR2E
1068,1063,P19404,NDUFV2
1069,1064,P19429,TNNI3
1070,1065,P19438,TNFRSF1A
1071,1066,P19525,EIF2AK2
1072,1067,P19532,TFE3
1073,1068,P19544,WT1
1074,1069,P19622,EN2
1075,1070,P19634,SLC9A1
1076,1071,P19652,ORM2
1077,1072,P19784,CSNK2A2
1078,1073,P19793,RXRA
1079,1074,P19801,AOC1
1080,1075,P19823,ITIH2
1081,1076,P19827,ITIH1
1082,1077,P19838,NFKB1
1083,1078,P19961,AMY2B
1084,1079,P19971,TYMP
1085,1080,P20023,CR2
1086,1081,P20061,TCN1
1087,1082,P20062,TCN2
1088,1083,P20226,TBP
1089,1084,P20248,CCNA2
1090,1085,P20292,ALOX5AP
1091,1086,P20309,CHRM3
1092,1087,P20333,TNFRSF1B
1093,1088,P20618,PSMB1
1094,1089,P20648,ATP4A
1095,1090,P20674,COX5A
1096,1091,P20701,ITGAL
1097,1092,P20711,DDC
1098,1093,P20742,PZP
1099,1094,P20800,EDN2
1100,1095,P20807,CAPN3
1101,1096,P20810,
1102,1097,P20813,CYP2B6
1103,1098,P20815,CYP3A5
1104,1099,P20823,HNF1A
1105,1100,P20839,IMPDH1
1106,1101,P20849,COL9A1
1107,1102,P20851,C4BPB
1108,1103,P20908,COL5A1
1109,1104,P20930,FLG
1110,1105,P20936,RASA1
1111,1106,P21266,GSTM3
1112,1107,P21281,ATP6V1B2
1113,1108,P21283,ATP6V1C1
1114,1109,P21359,NF1
1115,1110,P21397,MAOA
1116,1111,P21439,ABCB4
1117,1112,P21453,S1PR1
1118,1113,P21462,FPR1
1119,1114,P21554,CNR1
1120,1115,P21580,TNFAIP3
1121,1116,P21589,NT5E
1122,1117,P21675,TAF1
1123,1118,P21695,GPD1
1124,1119,P21709,EPHA1
1125,1120,P21728,DRD1
1126,1121,P21731,TBXA2R
1127,1122,P21757,MSR1
1128,1123,P21781,FGF7
1129,1124,P21796,VDAC1
1130,1125,P21802,FGFR2
1131,1126,P21817,RYR1
1132,1127,P21912,SDHB
1133,1128,P21917,DRD4
1134,1129,P21918,DRD5
1135,1130,P21953,BCKDHB
1136,1131,P21964,COMT
1137,1132,P21980,TGM2
1138,1133,P22001,KCNA3
1139,1134,P22033,MMUT
1140,1135,P22102,GART
1141,1136,P22105,TNXB
1142,1137,P22223,CDH3
1143,1138,P22301,IL10
1144,1139,P22303,ACHE
1145,1140,P22304,IDS
1146,1141,P22309,UGT1A1
1147,1142,P22310,UGT1A4
1148,1143,P22392,NME2
1149,1144,P22413,ENPP1
1150,1145,P22415,USF1
1151,1146,P22455,FGFR4
1152,1147,P22459,KCNA4
1153,1148,P22460,KCNA5
1154,1149,P22557,ALAS2
1155,1150,P22570,FDXR
1156,1151,P22607,FGFR3
1157,1152,P22612,PRKACG
1158,1153,P22674,CCNO
1159,1154,P22692,IGFBP4
1160,1155,P22694,PRKACB
1161,1156,P22732,SLC2A5
1162,1157,P22735,TGM1
1163,1158,P22748,CA4
1164,1159,P22792,CPN2
1165,1160,P22830,FECH
1166,1161,P22888,LHCGR
1167,1162,P22891,PROZ
1168,1163,P22897,MRC1
1169,1164,P23141,CES1
1170,1165,P23219,PTGS1
1171,1166,P23258,TUBG1
1172,1167,P23280,CA6
1173,1168,P23327,HRC
1174,1169,P23368,ME2
1175,1170,P23381,WARS1
1176,1171,P23415,GLRA1
1177,1172,P23416,GLRA2
1178,1173,P23458,JAK1
1179,1174,P23469,PTPRE
1180,1175,P23510,TNFSF4
1181,1176,P23560,BDNF
1182,1177,P23677,ITPKA
1183,1178,P23743,DGKA
1184,1179,P23760,PAX3
1185,1180,P23769,GATA2
1186,1181,P23771,GATA3
1187,1182,P23786,CPT2
1188,1183,P23921,RRM1
1189,1184,P23945,FSHR
1190,1185,P23975,SLC6A2
1191,1186,P24043,LAMA2
1192,1187,P24046,GABRR1
1193,1188,P24278,ZBTB25
1194,1189,P24298,GPT
1195,1190,P24310,COX7A1
1196,1191,P24311,COX7B
1197,1192,P24385,CCND1
1198,1193,P24387,CRHBP
1199,1194,P24390,KDELR1
1200,1195,P24394,IL4R
1201,1196,P24462,CYP3A7
1202,1197,P24522,GADD45A
1203,1198,P24530,EDNRB
1204,1199,P24557,TBXAS1
1205,1200,P24592,IGFBP6
1206,1201,P24593,IGFBP5
1207,1202,P24723,PRKCH
1208,1203,P24752,ACAT1
1209,1204,P24855,DNASE1
1210,1205,P24863,CCNC
1211,1206,P24864,CCNE1
1212,1207,P24928,NA
1213,1208,P24941,CDK2
1214,1209,P25021,HRH2
1215,1210,P25024,CXCR1
1216,1211,P25054,APC
1217,1212,P25067,COL8A2
1218,1213,P25092,GUCY2C
1219,1214,P25100,ADRA1D
1220,1215,P25101,EDNRA
1221,1216,P25103,TACR1
1222,1217,P25116,F2R
1223,1218,P25445,FAS
1224,1219,P25713,MT3
1225,1220,P25774,CTSS
1226,1221,P25815,S100P
1227,1222,P25874,UCP1
1228,1223,P25940,COL5A3
1229,1224,P25963,NFKBIA
1230,1225,P26006,ITGA3
1231,1226,P26358,DNMT1
1232,1227,P26367,PAX6
1233,1228,P26368,U2AF2
1234,1229,P26439,HSD3B2
1235,1230,P26440,IVD
1236,1231,P26447,S100A4
1237,1232,P26572,MGAT1
1238,1233,P26639,TARS1
1239,1234,P26640,VARS1
1240,1235,P26678,PLN
1241,1236,P26715,KLRC1
1242,1237,P26717,KLRC2
1243,1238,P26718,KLRK1
1244,1239,P26842,CD27
1245,1240,P26998,CRYBB3
1246,1241,P27144,AK4
1247,1242,P27169,PON1
1248,1243,P27338,MAOB
1249,1244,P27352,CBLIF
1250,1245,P27361,MAPK3
1251,1246,P27448,MARK3
1252,1247,P27487,DPP4
1253,1248,P27635,RPL10
1254,1249,P27658,COL8A1
1255,1250,P27701,CD82
1256,1251,P27707,DCK
1257,1252,P27708,CAD
1258,1253,P27797,CALR
1259,1254,P27815,PDE4A
1260,1255,P27816,MAP4
1261,1256,P27986,PIK3R1
1262,1257,P27987,ITPKB
1263,1258,P28062,PSMB8
1264,1259,P28065,PSMB9
1265,1260,P28069,POU1F1
1266,1261,P28074,PSMB5
1267,1262,P28221,HTR1D
1268,1263,P28222,HTR1B
1269,1264,P28223,HTR2A
1270,1265,P28300,LOX
1271,1266,P28329,CHAT
1272,1267,P28331,NDUFS1
1273,1268,P28332,ADH6
1274,1269,P28335,HTR2C
1275,1270,P28340,POLD1
1276,1271,P28472,GABRB3
1277,1272,P28476,GABRR2
1278,1273,P28482,MAPK1
1279,1274,P28566,HTR1E
1280,1275,P28702,RXRB
1281,1276,P28845,HSD11B1
1282,1277,P28906,CD34
1283,1278,P28908,TNFRSF8
1284,1279,P29034,S100A2
1285,1280,P29074,PTPN4
1286,1281,P29120,PCSK1
1287,1282,P29122,PCSK6
1288,1283,P29274,ADORA2A
1289,1284,P29275,ADORA2B
1290,1285,P29317,EPHA2
1291,1286,P29320,EPHA3
1292,1287,P29322,EPHA8
1293,1288,P29323,EPHB2
1294,1289,P29372,MPG
1295,1290,P29373,CRABP2
1296,1291,P29374,ARID4A
1297,1292,P29376,LTK
1298,1293,P29400,COL4A5
1299,1294,P29460,IL12B
1300,1295,P29466,CASP1
1301,1296,P29474,NOS3
1302,1297,P29475,NOS1
1303,1298,P29590,PML
1304,1299,P29597,TYK2
1305,1300,P29622,SERPINA4
1306,1301,P29762,CRABP1
1307,1302,P29803,PDHA2
1308,1303,P29966,MARCKS
1309,1304,P29972,AQP1
1310,1305,P29973,CNGA1
1311,1306,P30038,ALDH4A1
1312,1307,P30039,PBLD
1313,1308,P30043,BLVRB
1314,1309,P30044,PRDX5
1315,1310,P30049,ATP5F1D
1316,1311,P30084,ECHS1
1317,1312,P30085,CMPK1
1318,1313,P30086,PEBP1
1319,1314,P30101,PDIA3
1320,1315,P30154,PPP2R1B
1321,1316,P30279,CCND2
1322,1317,P30281,CCND3
1323,1318,P30291,WEE1
1324,1319,P30405,PPIF
1325,1320,P30411,BDKRB2
1326,1321,P30414,NKTR
1327,1322,P30518,AVPR2
1328,1323,P30519,HMOX2
1329,1324,P30530,AXL
1330,1325,P30531,SLC6A1
1331,1326,P30532,CHRNA5
1332,1327,P30533,LRPAP1
1333,1328,P30536,TSPO
1334,1329,P30542,ADORA1
1335,1330,P30556,AGTR1
1336,1331,P30559,OXTR
1337,1332,P30613,PKLR
1338,1333,P30711,GSTT1
1339,1334,P30793,GCH1
1340,1335,P30825,SLC7A1
1341,1336,P30837,ALDH1B1
1342,1337,P30838,ALDH3A1
1343,1338,P30872,SSTR1
1344,1339,P30874,SSTR2
1345,1340,P30876,POLR2B
1346,1341,P30926,CHRNB4
1347,1342,P30939,HTR1F
1348,1343,P30968,GNRHR
1349,1344,P30988,CALCR
1350,1345,P31025,LCN1
1351,1346,P31040,SDHA
1352,1347,P31150,GDI1
1353,1348,P31151,S100A7
1354,1349,P31152,MAPK4
1355,1350,P31153,MAT2A
1356,1351,P31213,SRD5A2
1357,1352,P31260,HOXA10
1358,1353,P31314,TLX1
1359,1354,P31321,PRKAR1B
1360,1355,P31323,PRKAR2B
1361,1356,P31327,CPS1
1362,1357,P31350,RRM2
1363,1358,P31371,FGF9
1364,1359,P31391,SSTR4
1365,1360,P31483,TIA1
1366,1361,P31513,FMO3
1367,1362,P31629,HIVEP2
1368,1363,P31639,SLC5A2
1369,1364,P31641,SLC6A6
1370,1365,P31644,GABRA5
1371,1366,P31645,SLC6A4
1372,1367,P31749,AKT1
1373,1368,P31751,AKT2
1374,1369,P31937,HIBADH
1375,1370,P31939,ATIC
1376,1371,P31949,S100A11
1377,1372,P31994,FCGR2B
1378,1373,P32238,CCKAR
1379,1374,P32239,CCKBR
1380,1375,P32243,OTX2
1381,1376,P32245,MC4R
1382,1377,P32297,CHRNA3
1383,1378,P32314,FOXN2
1384,1379,P32320,CDA
1385,1380,P32321,DCTD
1386,1381,P32322,PYCR1
1387,1382,P32418,SLC8A1
1388,1383,P32745,SSTR3
1389,1384,P32754,HPD
1390,1385,P32881,IFNA8
1391,1386,P32927,CSF2RB
1392,1387,P32970,CD70
1393,1388,P32971,TNFSF8
1394,1389,P33076,CIITA
1395,1390,P33151,CDH5
1396,1391,P33260,CYP2C18
1397,1392,P33261,CYP2C19
1398,1393,P33402,GUCY1A2
1399,1394,P33527,ABCC1
1400,1395,P33947,KDELR2
1401,1396,P33981,TTK
1402,1397,P34059,GALNS
1403,1398,P34130,NTF4
1404,1399,P34903,GABRA3
1405,1400,P34913,EPHX2
1406,1401,P34925,RYK
1407,1402,P34969,HTR7
1408,1403,P34972,CNR2
1409,1404,P34995,PTGER1
1410,1405,P35030,PRSS3
1411,1406,P35218,CA5A
1412,1407,P35219,CA8
1413,1408,P35222,CTNNB1
1414,1409,P35225,IL13
1415,1410,P35228,NOS2
1416,1411,P35232,PHB1
1417,1412,P35247,SFTPD
1418,1413,P35270,SPR
1419,1414,P35346,SSTR5
1420,1415,P35348,ADRA1A
1421,1416,P35354,PTGS2
1422,1417,P35367,HRH1
1423,1418,P35368,ADRA1B
1424,1419,P35372,OPRM1
1425,1420,P35408,PTGER4
1426,1421,P35462,DRD3
1427,1422,P35475,IDUA
1428,1423,P35498,SCN1A
1429,1424,P35499,SCN4A
1430,1425,P35503,UGT1A3
1431,1426,P35520,CBS
1432,1427,P35527,KRT9
1433,1428,P35555,FBN1
1434,1429,P35557,GCK
1435,1430,P35568,IRS1
1436,1431,P35590,TIE1
1437,1432,P35609,ACTN2
1438,1433,P35610,SOAT1
1439,1434,P35637,FUS
1440,1435,P35658,NUP214
1441,1436,P35670,ATP7B
1442,1437,P35680,HNF1B
1443,1438,P35749,MYH11
1444,1439,P35858,IGFALS
1445,1440,P35869,AHR
1446,1441,P35900,KRT20
1447,1442,P35908,KRT2
1448,1443,P35913,PDE6B
1449,1444,P35916,FLT4
1450,1445,P35968,KDR
1451,1446,P36021,SLC16A2
1452,1447,P36382,GJA5
1453,1448,P36507,MAP2K2
1454,1449,P36537,UGT2B10
1455,1450,P36544,CHRNA7
1456,1451,P36776,LONP1
1457,1452,P36888,FLT3
1458,1453,P36894,BMPR1A
1459,1454,P36896,ACVR1B
1460,1455,P36897,TGFBR1
1461,1456,P36915,GNL1
1462,1457,P36952,SERPINB5
1463,1458,P36954,POLR2I
1464,1459,P36956,SREBF1
1465,1460,P37058,HSD17B3
1466,1461,P37059,HSD17B2
1467,1462,P37088,SCNN1A
1468,1463,P37173,TGFBR2
1469,1464,P37231,PPARG
1470,1465,P37287,PIGA
1471,1466,P37288,AVPR1A
1472,1467,P37840,SNCA
1473,1468,P38117,ETFB
1474,1469,P38398,BRCA1
1475,1470,P38435,GGCX
1476,1471,P38484,IFNGR2
1477,1472,P38606,ATP6V1A
1478,1473,P38936,CDKN1A
1479,1474,P39023,RPL3
1480,1475,P39059,COL15A1
1481,1476,P39060,COL18A1
1482,1477,P39086,GRIK1
1483,1478,P39748,FEN1
1484,1479,P39900,MMP12
1485,1480,P39905,GDNF
1486,1481,P40197,GP5
1487,1482,P40198,CEACAM3
1488,1483,P40199,CEACAM6
1489,1484,P40225,THPO
1490,1485,P40238,MPL
1491,1486,P40261,NNMT
1492,1487,P40306,PSMB10
1493,1488,P40337,VHL
1494,1489,P40394,ADH7
1495,1490,P40424,PBX1
1496,1491,P40425,PBX2
1497,1492,P40426,PBX3
1498,1493,P40692,MLH1
1499,1494,P40855,PEX19
1500,1495,P40879,SLC26A3
1501,1496,P40925,MDH1
1502,1497,P40926,MDH2
1503,1498,P40933,IL15
1504,1499,P40939,HADHA
1505,1500,P41002,CCNF
1506,1501,P41143,OPRD1
1507,1502,P41145,OPRK1
1508,1503,P41180,CASR
1509,1504,P41181,AQP2
1510,1505,P41182,BCL6
1511,1506,P41212,ETV6
1512,1507,P41218,MNDA
1513,1508,P41219,PRPH
1514,1509,P41225,SOX3
1515,1510,P41229,KDM5C
1516,1511,P41235,HNF4A
1517,1512,P41240,CSK
1518,1513,P41247,PNPLA4
1519,1514,P41273,TNFSF9
1520,1515,P41279,MAP3K8
1521,1516,P41439,FOLR3
1522,1517,P41440,SLC19A1
1523,1518,P41594,GRM5
1524,1519,P41595,HTR2B
1525,1520,P41732,TSPAN7
1526,1521,P41743,PRKCI
1527,1522,P41968,MC3R
1528,1523,P42167,TMPO
1529,1524,P42224,STAT1
1530,1525,P42261,GRIA1
1531,1526,P42262,GRIA2
1532,1527,P42263,GRIA3
1533,1528,P42330,AKR1C3
1534,1529,P42336,PIK3CA
1535,1530,P42338,PIK3CB
1536,1531,P42345,MTOR
1537,1532,P42566,EPS15
1538,1533,P42574,CASP3
1539,1534,P42658,DPP6
1540,1535,P42679,MATK
1541,1536,P42680,TEC
1542,1537,P42681,TXK
1543,1538,P42684,ABL2
1544,1539,P42685,FRK
1545,1540,P42695,NCAPD3
1546,1541,P42704,LRPPRC
1547,1542,P42768,WAS
1548,1543,P42771,CDKN2A
1549,1544,P42772,CDKN2B
1550,1545,P42773,CDKN2C
1551,1546,P42858,HTT
1552,1547,P42892,ECE1
1553,1548,P42898,MTHFR
1554,1549,P43003,SLC1A3
1555,1550,P43004,SLC1A2
1556,1551,P43005,SLC1A1
1557,1552,P43088,PTGFR
1558,1553,P43115,PTGER3
1559,1554,P43116,PTGER2
1560,1555,P43119,PTGIR
1561,1556,P43155,CRAT
1562,1557,P43166,CA7
1563,1558,P43220,GLP1R
1564,1559,P43304,GPD2
1565,1560,P43320,CRYBB2
1566,1561,P43353,ALDH3B1
1567,1562,P43354,NR4A2
1568,1563,P43403,ZAP70
1569,1564,P43405,SYK
1570,1565,P43489,TNFRSF4
1571,1566,P43626,KIR2DL1
1572,1567,P43627,
1573,1568,P43628,KIR2DL3
1574,1569,P43629,KIR3DL1
1575,1570,P43630,KIR3DL2
1576,1571,P43631,KIR2DS2
1577,1572,P43632,KIR2DS4
1578,1573,P43681,CHRNA4
1579,1574,P43699,NKX2-1
1580,1575,P45379,TNNT2
1581,1576,P45381,ASPA
1582,1577,P45844,ABCG1
1583,1578,P45954,ACADSB
1584,1579,P45983,MAPK8
1585,1580,P45984,MAPK9
1586,1581,P46059,SLC15A1
1587,1582,P46098,HTR3A
1588,1583,P46527,CDKN1B
1589,1584,P46597,ASMT
1590,1585,P46663,BDKRB1
1591,1586,P46721,SLCO1A2
1592,1587,P46734,MAP2K3
1593,1588,P46736,BRCC3
1594,1589,P46777,RPL5
1595,1590,P46783,RPS10
1596,1591,P46821,MAP1B
1597,1592,P46939,UTRN
1598,1593,P46940,IQGAP1
1599,1594,P47712,PLA2G4A
1600,1595,P47775,GPR12
1601,1596,P47869,GABRA2
1602,1597,P47870,GABRB2
1603,1598,P47871,GCGR
1604,1599,P47895,ALDH1A3
1605,1600,P47897,QARS1
1606,1601,P47898,HTR5A
1607,1602,P47901,AVPR1B
1608,1603,P47989,XDH
1609,1604,P48023,FASLG
1610,1605,P48039,MTNR1A
1611,1606,P48048,KCNJ1
1612,1607,P48050,KCNJ4
1613,1608,P48051,KCNJ6
1614,1609,P48058,GRIA4
1615,1610,P48059,LIMS1
1616,1611,P48061,CXCL12
1617,1612,P48066,SLC6A11
1618,1613,P48163,ME1
1619,1614,P48165,GJA8
1620,1615,P48169,GABRA4
1621,1616,P48200,IREB2
1622,1617,P48443,RXRG
1623,1618,P48448,ALDH3B2
1624,1619,P48506,GCLC
1625,1620,P48507,GCLM
1626,1621,P48544,KCNJ5
1627,1622,P48547,KCNC1
1628,1623,P48549,KCNJ3
1629,1624,P48551,IFNAR2
1630,1625,P48595,SERPINB10
1631,1626,P48651,PTDSS1
1632,1627,P48664,SLC1A6
1633,1628,P48668,KRT6C
1634,1629,P48728,AMT
1635,1630,P48729,CSNK1A1
1636,1631,P48735,IDH2
1637,1632,P48736,PIK3CG
1638,1633,P48764,SLC9A3
1639,1634,P48775,TDO2
1640,1635,P48995,TRPC1
1641,1636,P49005,POLD2
1642,1637,P49019,HCAR3
1643,1638,P49069,CAMLG
1644,1639,P49146,NPY2R
1645,1640,P49189,ALDH9A1
1646,1641,P49221,TGM4
1647,1642,P49238,CX3CR1
1648,1643,P49257,LMAN1
1649,1644,P49281,SLC11A2
1650,1645,P49286,MTNR1B
1651,1646,P49327,FASN
1652,1647,P49336,CDK8
1653,1648,P49411,TUFM
1654,1649,P49419,ALDH7A1
1655,1650,P49448,GLUD2
1656,1651,P49459,UBE2A
1657,1652,P49619,DGKG
1658,1653,P49638,TTPA
1659,1654,P49721,PSMB2
1660,1655,P49747,COMP
1661,1656,P49755,TMED10
1662,1657,P49757,NUMB
1663,1658,P49759,CLK1
1664,1659,P49760,CLK2
1665,1660,P49761,CLK3
1666,1661,P49768,PSEN1
1667,1662,P49771,FLT3LG
1668,1663,P49773,HINT1
1669,1664,P49788,RARRES1
1670,1665,P49792,RANBP2
1671,1666,P49810,PSEN2
1672,1667,P49821,NDUFV1
1673,1668,P49840,GSK3A
1674,1669,P49841,GSK3B
1675,1670,P49888,SULT1E1
1676,1671,P49901,SMCP
1677,1672,P49902,NT5C2
1678,1673,P49908,SELENOP
1679,1674,P49915,GMPS
1680,1675,P49916,LIG3
1681,1676,P49918,CDKN1C
1682,1677,P50052,AGTR2
1683,1678,P50120,RBP2
1684,1679,P50135,HNMT
1685,1680,P50213,IDH3A
1686,1681,P50225,SULT1A1
1687,1682,P50406,HTR6
1688,1683,P50416,CPT1A
1689,1684,P50452,SERPINB8
1690,1685,P50453,SERPINB9
1691,1686,P50461,CSRP3
1692,1687,P50539,MXI1
1693,1688,P50542,PEX5
1694,1689,P50579,METAP2
1695,1690,P50591,TNFSF10
1696,1691,P50613,CDK7
1697,1692,P50749,RASSF2
1698,1693,P50750,CDK9
1699,1694,P50851,LRBA
1700,1695,P50993,ATP1A2
1701,1696,P51003,PAPOLA
1702,1697,P51160,PDE6C
1703,1698,P51161,FABP6
1704,1699,P51168,SCNN1B
1705,1700,P51170,SCNN1G
1706,1701,P51172,SCNN1D
1707,1702,P51178,PLCD1
1708,1703,P51451,BLK
1709,1704,P51508,ZNF81
1710,1705,P51532,SMARCA4
1711,1706,P51553,IDH3G
1712,1707,P51580,TPMT
1713,1708,P51587,BRCA2
1714,1709,P51589,CYP2J2
1715,1710,P51608,MECP2
1716,1711,P51617,IRAK1
1717,1712,P51648,ALDH3A2
1718,1713,P51649,ALDH5A1
1719,1714,P51659,HSD17B4
1720,1715,P51671,CCL11
1721,1716,P51681,CCR5
1722,1717,P51687,SUOX
1723,1718,P51692,STAT5B
1724,1719,P51693,APLP1
1725,1720,P51787,KCNQ1
1726,1721,P51788,CLCN2
1727,1722,P51795,CLCN5
1728,1723,P51812,RPS6KA3
1729,1724,P51813,BMX
1730,1725,P51814,ZNF41
1731,1726,P51816,AFF2
1732,1727,P51817,PRKX
1733,1728,P51843,NR0B1
1734,1729,P51857,AKR1D1
1735,1730,P51946,CCNH
1736,1731,P51955,NEK2
1737,1732,P51956,NEK3
1738,1733,P51957,NEK4
1739,1734,P51959,CCNG1
1740,1735,P51970,NDUFA8
1741,1736,P52209,PGD
1742,1737,P52333,JAK3
1743,1738,P52434,POLR2H
1744,1739,P52435,POLR2J
1745,1740,P52564,MAP2K6
1746,1741,P52565,ARHGDIA
1747,1742,P52566,ARHGDIB
1748,1743,P52569,SLC7A2
1749,1744,P52701,MSH6
1750,1745,P52788,SMS
1751,1746,P52895,AKR1C2
1752,1747,P52945,PDX1
1753,1748,P52952,NKX2-5
1754,1749,P53004,BLVRA
1755,1750,P53350,PLK1
1756,1751,P53355,DAPK1
1757,1752,P53420,COL4A4
1758,1753,P53634,CTSC
1759,1754,P53667,LIMK1
1760,1755,P53671,LIMK2
1761,1756,P53673,CRYBA4
1762,1757,P53674,CRYBB1
1763,1758,P53779,MAPK10
1764,1759,P53794,SLC5A3
1765,1760,P53801,PTTG1IP
1766,1761,P53803,POLR2K
1767,1762,P53985,SLC16A1
1768,1763,P54098,POLG
1769,1764,P54219,SLC18A1
1770,1765,P54278,PMS2
1771,1766,P54284,CACNB3
1772,1767,P54289,CACNA2D1
1773,1768,P54577,YARS1
1774,1769,P54619,PRKAG1
1775,1770,P54646,PRKAA2
1776,1771,P54687,BCAT1
1777,1772,P54709,ATP1B3
1778,1773,P54710,FXYD2
1779,1774,P54750,PDE1A
1780,1775,P54756,EPHA5
1781,1776,P54760,EPHB4
1782,1777,P54762,EPHB1
1783,1778,P54764,EPHA4
1784,1779,P54819,AK2
1785,1780,P54855,UGT2B15
1786,1781,P54868,HMGCS2
1787,1782,P54886,ALDH18A1
1788,1783,P55000,SLURP1
1789,1784,P55011,SLC12A2
1790,1785,P55017,SLC12A3
1791,1786,P55039,DRG2
1792,1787,P55040,GEM
1793,1788,P55056,APOC4
1794,1789,P55058,PLTP
1795,1790,P55072,VCP
1796,1791,P55073,DIO3
1797,1792,P55075,FGF8
1798,1793,P55145,MANF
1799,1794,P55157,MTTP
1800,1795,P55197,MLLT10
1801,1796,P55201,BRPF1
1802,1797,P55259,GP2
1803,1798,P55263,ADK
1804,1799,P55268,LAMB2
1805,1800,P55273,CDKN2D
1806,1801,P55291,CDH15
1807,1802,P55789,GFER
1808,1803,P55808,XG
1809,1804,P55822,SH3BGR
1810,1805,P55916,UCP3
1811,1806,P56181,NDUFV3
1812,1807,P56192,MARS1
1813,1808,P56282,POLE2
1814,1809,P56377,AP1S2
1815,1810,P56524,HDAC4
1816,1811,P56539,CAV3
1817,1812,P56556,NDUFA6
1818,1813,P56645,PER3
1819,1814,P56696,KCNQ4
1820,1815,P56730,PRSS12
1821,1816,P56817,BACE1
1822,1817,P56937,HSD17B7
1823,1818,P57059,SIK1
1824,1819,P57075,UBASH3A
1825,1820,P57078,RIPK4
1826,1821,P58335,ANTXR2
1827,1822,P58340,MLF1
1828,1823,P58400,NRXN1
1829,1824,P58753,TIRAP
1830,1825,P59103,DAOA
1831,1826,P59998,ARPC4
1832,1827,P60033,CD81
1833,1828,P60174,TPI1
1834,1829,P60484,PTEN
1835,1830,P60508,ERVFRD-1
1836,1831,P60568,IL2
1837,1832,P60709,ACTB
1838,1833,P60827,C1QTNF8
1839,1834,P60900,PSMA6
1840,1835,P60903,S100A10
1841,1836,P61024,CKS1B
1842,1837,P61073,CXCR4
1843,1838,P61218,POLR2F
1844,1839,P61244,MAX
1845,1840,P61278,SST
1846,1841,P61328,FGF12
1847,1842,P61457,PCBD1
1848,1843,P61626,LYZ
1849,1844,P61758,VBP1
1850,1845,P61769,B2M
1851,1846,P61916,NPC2
1852,1847,P61925,PKIA
1853,1848,P62081,RPS7
1854,1849,P62380,TBPL1
1855,1850,P62487,POLR2G
1856,1851,P62508,ESRRG
1857,1852,P62714,PPP2CB
1858,1853,P62736,ACTA2
1859,1854,P62847,RPS24
1860,1855,P62854,RPS26
1861,1856,P62875,POLR2L
1862,1857,P62913,RPL11
1863,1858,P62937,PPIA
1864,1859,P62942,FKBP1A
1865,1860,P62955,CACNG7
1866,1861,P62987,UBA52
1867,1862,P62993,GRB2
1868,1863,P63000,RAC1
1869,1864,P63252,KCNJ2
1870,1865,P63272,SUPT4H1
1871,1866,P63316,TNNC1
1872,1867,P67775,PPP2CA
1873,1868,P67809,YBX1
1874,1869,P68032,ACTC1
1875,1870,P68104,EEF1A1
1876,1871,P68366,TUBA4A
1877,1872,P68371,TUBB4B
1878,1873,P68400,CSNK2A1
1879,1874,P68871,HBB
1880,1875,P69891,HBG1
1881,1876,P69892,HBG2
1882,1877,P69905,HBA2
1883,1877,P69905,HBA1
1884,1878,P78329,CYP4F2
1885,1879,P78330,PSPH
1886,1880,P78334,GABRE
1887,1881,P78337,PITX1
1888,1882,P78348,ASIC1
1889,1883,P78352,DLG4
1890,1884,P78356,PIP4K2B
1891,1885,P78362,SRPK2
1892,1886,P78363,ABCA4
1893,1887,P78380,OLR1
1894,1888,P78385,KRT83
1895,1889,P78386,KRT85
1896,1890,P78396,CCNA1
1897,1891,P78417,GSTO1
1898,1892,P78424,POU6F2
1899,1893,P78508,KCNJ10
1900,1894,P78527,PRKDC
1901,1895,P78537,BLOC1S1
1902,1896,P78559,MAP1A
1903,1897,P78560,CRADD
1904,1898,P80075,CCL8
1905,1899,P80192,MAP3K9
1906,1900,P80365,HSD11B2
1907,1901,P80370,DLK1
1908,1902,P80404,ABAT
1909,1903,P80511,S100A12
1910,1904,P80748,IGLV3-21
1911,1905,P81133,SIM1
1912,1906,P81605,DCD
1913,1907,P81877,SSBP2
1914,1908,P82251,SLC7A9
1915,1909,P82980,RBP5
1916,1910,P83111,LACTB
1917,1911,P86452,ZBED6
1918,1912,P98066,TNFAIP6
1919,1913,P98073,TMPRSS15
1920,1914,P98155,VLDLR
1921,1915,P98160,HSPG2
1922,1916,P98164,LRP2
1923,1917,P98170,XIAP
1924,1918,P98194,ATP2C1
1925,1919,P99999,CYCS
1926,1920,Q00266,MAT1A
1927,1921,Q00341,HDLBP
1928,1922,Q00526,CDK3
1929,1923,Q00532,CDKL1
1930,1924,Q00534,CDK6
1931,1925,Q00535,CDK5
1932,1926,Q00536,CDK16
1933,1927,Q00537,CDK17
1934,1928,Q00577,PURA
1935,1929,Q00796,SORD
1936,1930,Q00973,B4GALNT1
1937,1931,Q00975,CACNA1B
1938,1932,Q00987,MDM2
1939,1933,Q00994,BEX3
1940,1934,Q01064,PDE1B
1941,1935,Q01081,U2AF1
1942,1936,Q01082,SPTBN1
1943,1937,Q01085,TIAL1
1944,1938,Q01101,INSM1
1945,1939,Q01196,RUNX1
1946,1940,Q01453,PMP22
1947,1941,Q01650,SLC7A5
1948,1942,Q01668,CACNA1D
1949,1943,Q01726,MC1R
1950,1944,Q01740,FMO1
1951,1945,Q01826,SATB1
1952,1946,Q01844,EWSR1
1953,1947,Q01860,POU5F1
1954,1948,Q01955,COL4A3
1955,1949,Q01959,SLC6A3
1956,1950,Q01973,ROR1
1957,1951,Q01974,ROR2
1958,1952,Q02078,MEF2A
1959,1953,Q02083,NAAA
1960,1954,Q02127,DHODH
1961,1955,Q02156,PRKCE
1962,1956,Q02218,OGDH
1963,1957,Q02221,COX6A2
1964,1958,Q02223,TNFRSF17
1965,1959,Q02252,ALDH6A1
1966,1960,Q02318,CYP27A1
1967,1961,Q02338,BDH1
1968,1962,Q02388,COL7A1
1969,1963,Q02410,APBA1
1970,1964,Q02641,CACNB1
1971,1965,Q02643,GHRHR
1972,1966,Q02750,MAP2K1
1973,1967,Q02763,TEK
1974,1968,Q02779,MAP3K10
1975,1969,Q02809,PLOD1
1976,1970,Q02880,TOP2B
1977,1971,Q02928,CYP4A11
1978,1972,Q03001,DST
1979,1973,Q03135,CAV1
1980,1974,Q03164,KMT2A
1981,1975,Q03167,TGFBR3
1982,1976,Q03169,TNFAIP2
1983,1977,Q03181,PPARD
1984,1978,Q03252,LMNB2
1985,1979,Q03393,PTS
1986,1980,Q03403,TFF2
1987,1981,Q03518,TAP1
1988,1982,Q03591,CFHR1
1989,1983,Q03692,COL10A1
1990,1984,Q03989,ARID5A
1991,1985,Q04206,RELA
1992,1986,Q04609,FOLH1
1993,1987,Q04637,EIF4G1
1994,1988,Q04656,ATP7A
1995,1989,Q04695,KRT17
1996,1990,Q04759,PRKCQ
1997,1991,Q04760,GLO1
1998,1992,Q04771,ACVR1
1999,1993,Q04828,AKR1C1
2000,1994,Q04837,SSBP1
2001,1995,Q04844,CHRNE
2002,1996,Q04912,MST1R
2003,1997,Q05209,PTPN12
2004,1998,Q05329,GAD2
2005,1999,Q05397,PTK2
2006,2000,Q05513,PRKCZ
2007,2001,Q05516,ZBTB16
2008,2002,Q05586,GRIN1
2009,2003,Q05655,PRKCD
2010,2004,Q05707,COL14A1
2011,2005,Q05823,RNASEL
2012,2006,Q05901,CHRNB3
2013,2007,Q05932,FPGS
2014,2008,Q05940,SLC18A2
2015,2009,Q06033,ITIH3
2016,2010,Q06187,BTK
2017,2011,Q06203,PPAT
2018,2012,Q06210,GFPT1
2019,2013,Q06278,AOX1
2020,2014,Q06330,RBPJ
2021,2015,Q06413,MEF2C
2022,2016,Q06418,TYRO3
2023,2017,Q06432,CACNG1
2024,2018,Q06481,APLP2
2025,2019,Q06520,SULT2A1
2026,2020,Q06609,RAD51
2027,2021,Q06710,PAX8
2028,2022,Q06830,PRDX1
2029,2023,Q07001,CHRND
2030,2024,Q07011,TNFRSF9
2031,2025,Q07021,C1QBP
2032,2026,Q07075,ENPEP
2033,2027,Q07092,COL16A1
2034,2028,Q07343,PDE4B
2035,2029,Q07444,KLRC3
2036,2030,Q07699,SCN1B
2037,2031,Q07817,BCL2L1
2038,2032,Q07820,MCL1
2039,2033,Q07837,SLC3A1
2040,2034,Q07864,POLE
2041,2035,Q07869,PPARA
2042,2036,Q07889,SOS1
2043,2037,Q07912,TNK2
2044,2038,Q07954,LRP1
2045,2039,Q07973,CYP24A1
2046,2040,Q08188,TGM3
2047,2041,Q08257,CRYZ
2048,2042,Q08289,CACNB2
2049,2043,Q08345,DDR1
2050,2044,Q08426,EHHADH
2051,2045,Q08431,MFGE8
2052,2046,Q08462,ADCY2
2053,2047,Q08493,PDE4C
2054,2048,Q08499,PDE4D
2055,2049,Q08623,PUDP
2056,2050,Q08828,ADCY1
2057,2051,Q08881,ITK
2058,2052,Q08AD1,CAMSAP2
2059,2053,Q08AH1,ACSM1
2060,2054,Q08AH3,ACSM2A
2061,2055,Q09019,DMWD
2062,2056,Q09327,MGAT3
2063,2057,Q09328,MGAT5
2064,2058,Q09428,ABCC8
2065,2059,Q09470,KCNA1
2066,2060,Q09472,EP300
2067,2061,Q0VD83,APOBR
2068,2062,Q0ZGT2,NEXN
2069,2063,Q10469,MGAT2
2070,2064,Q10586,DBP
2071,2065,Q10588,BST1
2072,2066,Q10589,BST2
2073,2067,Q10981,FUT2
2074,2068,Q12756,KIF1A
2075,2069,Q12791,KCNMA1
2076,2070,Q12805,EFEMP1
2077,2071,Q12809,KCNH2
2078,2072,Q12824,SMARCB1
2079,2073,Q12851,MAP4K2
2080,2074,Q12852,MAP3K12
2081,2075,Q12866,MERTK
2082,2076,Q12873,CHD3
2083,2077,Q12879,GRIN2A
2084,2078,Q12882,DPYD
2085,2079,Q12908,SLC10A2
2086,2080,Q12913,PTPRJ
2087,2081,Q12918,KLRB1
2088,2082,Q12929,EPS8
2089,2083,Q12931,TRAP1
2090,2084,Q12934,BFSP1
2091,2085,Q12965,MYO1E
2092,2086,Q12980,NPRL3
2093,2087,Q13002,GRIK2
2094,2088,Q13003,GRIK3
2095,2089,Q13049,TRIM32
2096,2090,Q13066,NA
2097,2091,Q13069,NA
2098,2092,Q13070,NA
2099,2093,Q13105,ZBTB17
2100,2094,Q13131,PRKAA1
2101,2095,Q13137,CALCOCO2
2102,2096,Q13148,TARDBP
2103,2097,Q13153,PAK1
2104,2098,Q13158,FADD
2105,2099,Q13163,MAP2K5
2106,2100,Q13164,MAPK7
2107,2101,Q13177,PAK2
2108,2102,Q13188,STK3
2109,2103,Q13216,ERCC8
2110,2104,Q13224,GRIN2B
2111,2105,Q13233,MAP3K1
2112,2106,Q13237,PRKG2
2113,2107,Q13241,KLRD1
2114,2108,Q13255,GRM1
2115,2109,Q13258,PTGDR
2116,2110,Q13283,G3BP1
2117,2111,Q13315,ATM
2118,2112,Q13319,CDK5R2
2119,2113,Q13322,GRB10
2120,2114,Q13326,SGCG
2121,2115,Q13332,PTPRS
2122,2116,Q13336,SLC14A1
2123,2117,Q13351,KLF1
2124,2118,Q13370,PDE3B
2125,2119,Q13387,MAPK8IP2
2126,2120,Q13393,PLD1
2127,2121,Q13423,NNT
2128,2122,Q13424,SNTA1
2129,2123,Q13445,TMED1
2130,2124,Q13451,FKBP5
2131,2125,Q13454,TUSC3
2132,2126,Q13459,MYO9B
2133,2127,Q13464,ROCK1
2134,2128,Q13470,TNK1
2135,2129,Q13477,MADCAM1
2136,2130,Q13487,SNAPC2
2137,2131,Q13489,BIRC3
2138,2132,Q13490,BIRC2
2139,2133,Q13492,PICALM
2140,2134,Q13495,MAMLD1
2141,2135,Q13507,TRPC3
2142,2136,Q13509,TUBB3
2143,2137,Q13510,ASAH1
2144,2138,Q13515,BFSP2
2145,2139,Q13523,PRP4K
2146,2140,Q13541,EIF4EBP1
2147,2141,Q13542,EIF4EBP2
2148,2142,Q13546,RIPK1
2149,2143,Q13547,HDAC1
2150,2144,Q13554,CAMK2B
2151,2145,Q13555,CAMK2G
2152,2146,Q13557,CAMK2D
2153,2147,Q13562,NEUROD1
2154,2148,Q13568,IRF5
2155,2149,Q13572,ITPK1
2156,2150,Q13576,IQGAP2
2157,2151,Q13586,STIM1
2158,2152,Q13609,DNASE1L3
2159,2153,Q13620,CUL4B
2160,2154,Q13621,SLC12A1
2161,2155,Q13627,DYRK1A
2162,2156,Q13630,GFUS
2163,2157,Q13635,PTCH1
2164,2158,Q13639,HTR4
2165,2159,Q13651,IL10RA
2166,2160,Q13683,ITGA7
2167,2161,Q13698,CACNA1S
2168,2162,Q13733,ATP1A4
2169,2163,Q13772,NCOA4
2170,2164,Q13790,APOF
2171,2165,Q13795,ARFRP1
2172,2166,Q13823,GNL2
2173,2167,Q13829,TNFAIP1
2174,2168,Q13867,BLMH
2175,2169,Q13873,BMPR2
2176,2170,Q13882,PTK6
2177,2171,Q13901,C1D
2178,2172,Q13936,CACNA1C
2179,2173,Q13946,PDE7A
2180,2174,Q13951,CBFB
2181,2175,Q13956,PDE6H
2182,2176,Q13972,RASGRF1
2183,2177,Q13976,PRKG1
2184,2178,Q14003,KCNC3
2185,2179,Q14004,CDK13
2186,2180,Q14011,CIRBP
2187,2181,Q14012,CAMK1
2188,2182,Q14031,COL4A6
2189,2183,Q14032,BAAT
2190,2184,Q14050,COL9A3
2191,2185,Q14055,COL9A2
2192,2186,Q14097,NA
2193,2187,Q14108,SCARB2
2194,2188,Q14114,LRP8
2195,2189,Q14123,PDE1C
2196,2190,Q14126,DSG2
2197,2191,Q14145,KEAP1
2198,2192,Q14161,GIT2
2199,2193,Q14164,IKBKE
2200,2194,Q14181,POLA2
2201,2195,Q14183,DOC2A
2202,2196,Q14184,DOC2B
2203,2197,Q14204,DYNC1H1
2204,2198,Q14213,EBI3
2205,2199,Q14244,MAP7
2206,2200,Q14289,PTK2B
2207,2201,Q14330,GPR18
2208,2202,Q14353,GAMT
2209,2203,Q14392,LRRC32
2210,2204,Q14397,NA
2211,2205,Q14432,PDE3A
2212,2206,Q14449,GRB14
2213,2207,Q14451,GRB7
2214,2208,Q14457,BECN1
2215,2209,Q14512,FGFBP1
2216,2210,Q14520,HABP2
2217,2211,Q14524,SCN5A
2218,2212,Q14532,KRT32
2219,2213,Q14533,KRT81
2220,2214,Q14534,SQLE
2221,2215,Q14542,SLC29A2
2222,2216,Q14571,ITPR2
2223,2217,Q14573,ITPR3
2224,2218,Q14624,ITIH4
2225,2219,Q14643,ITPR1
2226,2220,Q14654,KCNJ11
2227,2221,Q14678,KANK1
2228,2222,Q14680,MELK
2229,2223,Q14697,GANAB
2230,2224,Q14721,KCNB1
2231,2225,Q14765,STAT4
2232,2226,Q14766,LTBP1
2233,2227,Q14767,LTBP2
2234,2228,Q14790,CASP8
2235,2229,Q14831,GRM7
2236,2230,Q14833,GRM4
2237,2231,Q14839,CHD4
2238,2232,Q14865,ARID5B
2239,2233,Q14896,MYBPC3
2240,2234,Q14952,KIR2DS3
2241,2235,Q14953,KIR2DS5
2242,2236,Q14954,KIR2DS1
2243,2237,Q14957,GRIN2C
2244,2238,Q14973,SLC10A1
2245,2239,Q14978,NOLC1
2246,2240,Q14982,OPCML
2247,2241,Q14993,COL19A1
2248,2242,Q14994,NR1I3
2249,2243,Q14999,CUL7
2250,2244,Q14CM0,FRMPD4
2251,2245,Q14CN4,KRT72
2252,2246,Q14D04,VEPH1
2253,2247,Q15003,NCAPH
2254,2248,Q15011,HERPUD1
2255,2249,Q15020,SART3
2256,2250,Q15029,EFTUD2
2257,2251,Q15041,ARL6IP1
2258,2252,Q15052,ARHGEF6
2259,2253,Q15054,POLD3
2260,2254,Q15067,ACOX1
2261,2255,Q15070,OXA1L
2262,2256,Q15078,CDK5R1
2263,2257,Q15109,AGER
2264,2258,Q15125,EBP
2265,2259,Q15131,CDK10
2266,2260,Q15139,PRKD1
2267,2261,Q15149,PLEC
2268,2262,Q15155,NOMO1
2269,2263,Q15166,PON3
2270,2264,Q15198,PDGFRL
2271,2265,Q15208,STK38
2272,2266,Q15233,NONO
2273,2267,Q15238,PSG5
2274,2268,Q15274,QPRT
2275,2269,Q15276,RABEP1
2276,2270,Q15303,ERBB4
2277,2271,Q15311,RALBP1
2278,2272,Q15323,KRT31
2279,2273,Q15326,ZMYND11
2280,2274,Q15327,ANKRD1
2281,2275,Q15375,EPHA7
2282,2276,Q15399,TLR1
2283,2277,Q15418,RPS6KA1
2284,2278,Q15437,SEC23B
2285,2279,Q15466,NR0B2
2286,2280,Q15517,CDSN
2287,2281,Q15555,MAPRE2
2288,2282,Q15569,TESK1
2289,2283,Q15572,TAF1C
2290,2284,Q15573,TAF1A
2291,2285,Q15583,TGIF1
2292,2286,Q15596,NCOA2
2293,2287,Q15628,TRADD
2294,2288,Q15649,ZNHIT3
2295,2289,Q15651,HMGN3
2296,2290,Q15653,NFKBIB
2297,2291,Q15691,MAPRE1
2298,2292,Q15738,NSDHL
2299,2293,Q15746,MYLK
2300,2294,Q15750,TAB1
2301,2295,Q15758,SLC1A5
2302,2296,Q15759,MAPK11
2303,2297,Q15800,MSMO1
2304,2298,Q15822,CHRNA2
2305,2299,Q15825,CHRNA6
2306,2300,Q15842,KCNJ8
2307,2301,Q15849,SLC14A2
2308,2302,Q15858,SCN9A
2309,2303,Q15878,CACNA1E
2310,2304,Q15911,ZFHX3
2311,2305,Q15916,ZBTB6
2312,2306,Q16099,GRIK4
2313,2307,Q16134,ETFDH
2314,2308,Q16143,SNCB
2315,2309,Q16204,CCDC6
2316,2310,Q16270,IGFBP7
2317,2311,Q16288,NTRK3
2318,2312,Q16322,KCNA10
2319,2313,Q16348,SLC15A2
2320,2314,Q16384,SSX1
2321,2315,Q16385,SSX2B
2322,2315,Q16385,SSX2
2323,2316,Q16445,GABRA6
2324,2317,Q16478,GRIK5
2325,2318,Q16512,PKN1
2326,2319,Q16513,PKN2
2327,2320,Q16515,ASIC2
2328,2321,Q16533,SNAPC1
2329,2322,Q16539,MAPK14
2330,2323,Q16558,KCNMB1
2331,2324,Q16559,TAL2
2332,2325,Q16568,CARTPT
2333,2326,Q16570,ACKR1
2334,2327,Q16584,MAP3K11
2335,2328,Q16585,SGCB
2336,2329,Q16586,SGCA
2337,2330,Q16589,CCNG2
2338,2331,Q16595,FXN
2339,2332,Q16602,CALCRL
2340,2333,Q16613,AANAT
2341,2334,Q16620,NTRK2
2342,2335,Q16647,PTGIS
2343,2336,Q16651,PRSS8
2344,2337,Q16653,MOG
2345,2338,Q16654,PDK4
2346,2339,Q16665,HIF1A
2347,2340,Q16667,CDKN3
2348,2341,Q16678,CYP1B1
2349,2342,Q16696,CYP2A13
2350,2343,Q16718,NDUFA5
2351,2344,Q16739,UGCG
2352,2345,Q16760,DGKD
2353,2346,Q16773,KYAT1
2354,2347,Q16774,GUK1
2355,2348,Q16790,CA9
2356,2349,Q16795,NDUFA9
2357,2350,Q16798,ME3
2358,2351,Q16816,PHKG1
2359,2352,Q16827,PTPRO
2360,2353,Q16831,UPP1
2361,2354,Q16832,DDR2
2362,2355,Q16836,HADH
2363,2356,Q16850,CYP51A1
2364,2357,Q16853,AOC3
2365,2358,Q16854,DGUOK
2366,2359,Q16878,CDO1
2367,2360,Q16881,TXNRD1
2368,2361,Q17RW2,COL24A1
2369,2362,Q17RY0,CPEB4
2370,2363,Q19AV6,ZSWIM7
2371,2364,Q1L6U9,MSMP
2372,2365,Q27J81,INF2
2373,2366,Q29980,MICB
2374,2367,Q29983,MICA
2375,2368,Q2I0M4,LRRC26
2376,2369,Q2I0M5,RSPO4
2377,2370,Q2M2I5,KRT24
2378,2371,Q2M2I8,AAK1
2379,2372,Q2M3G0,ABCB5
2380,2373,Q2M3X9,ZNF674
2381,2374,Q2MJR0,SPRED3
2382,2375,Q2MKA7,RSPO1
2383,2376,Q2TAL6,VWC2
2384,2377,Q2TBC4,PRICKLE4
2385,2378,Q2TU84,NA
2386,2379,Q2UY09,COL28A1
2387,2380,Q2V2M9,FHOD3
2388,2381,Q2WEN9,CEACAM16
2389,2382,Q2Y0W8,SLC4A8
2390,2383,Q2YD98,UVSSA
2391,2384,Q30201,HFE
2392,2385,Q32MK0,MYLK3
2393,2386,Q32MQ0,ZNF750
2394,2387,Q32P28,P3H1
2395,2388,Q3KR16,PLEKHG6
2396,2389,Q3SXY8,ARL13B
2397,2390,Q3SY84,KRT71
2398,2391,Q3V5L5,MGAT5B
2399,2392,Q3V6T2,CCDC88A
2400,2393,Q3YBR2,TBRG1
2401,2394,Q460N3,PARP15
2402,2395,Q460N5,PARP14
2403,2396,Q495M3,SLC36A2
2404,2397,Q49AH0,CDNF
2405,2398,Q4AE62,GTDC1
2406,2399,Q4G0X9,CCDC40
2407,2400,Q4LE39,ARID4B
2408,2401,Q4U2R8,SLC22A6
2409,2402,Q4V321,GAGE13
2410,2403,Q4ZHG4,FNDC1
2411,2404,Q52WX2,SBK1
2412,2405,Q53EP0,FNDC3B
2413,2406,Q53FZ2,ACSM3
2414,2407,Q53GL7,PARP10
2415,2408,Q53GS7,GLE1
2416,2409,Q53H12,AGK
2417,2410,Q53H47,SETMAR
2418,2411,Q53HC9,EIPR1
2419,2412,Q53T94,TAF1B
2420,2413,Q56UN5,MAP3K19
2421,2414,Q58DX5,NAALADL2
2422,2415,Q58EX7,PLEKHG4
2423,2416,Q59H18,TNNI3K
2424,2417,Q5BKY1,LRRC10
2425,2418,Q5D1E8,ZC3H12A
2426,2419,Q5EBL4,RILPL1
2427,2420,Q5GH77,XKR3
2428,2421,Q5H8C1,FREM1
2429,2422,Q5H943,CT83
2430,2423,Q5H9T9,FSCB
2431,2424,Q5JPH6,EARS2
2432,2425,Q5JTY5,ZNG1C
2433,2426,Q5JU85,IQSEC2
2434,2427,Q5JVL4,EFHC1
2435,2428,Q5JVS0,HABP4
2436,2429,Q5JWF2,GNAS
2437,2430,Q5K4E3,PRSS36
2438,2431,Q5K651,SAMD9
2439,2432,Q5QJ74,TBCEL
2440,2433,Q5R372,RABGAP1L
2441,2434,Q5S007,LRRK2
2442,2435,Q5SW96,LDLRAP1
2443,2436,Q5SXM2,SNAPC4
2444,2437,Q5SZK8,FREM2
2445,2438,Q5T0U0,CCDC122
2446,2439,Q5T1J1,NA
2447,2440,Q5T1R4,HIVEP3
2448,2441,Q5T230,UTF1
2449,2442,Q5T2D2,TREML2
2450,2443,Q5T3U5,ABCC10
2451,2444,Q5T481,RBM20
2452,2445,Q5T4F4,ZFYVE27
2453,2446,Q5T7N3,KANK4
2454,2447,Q5T871,LELP1
2455,2448,Q5TA45,INTS11
2456,2449,Q5TAT6,COL13A1
2457,2450,Q5TAX3,TUT4
2458,2451,Q5TDP6,LGSN
2459,2452,Q5VT66,MTARC1
2460,2453,Q5VV42,CDKAL1
2461,2454,Q5VWK5,IL23R
2462,2455,Q5VZK9,CARMIL1
2463,2456,Q5VZM2,RRAGB
2464,2457,Q5XG87,TENT4A
2465,2458,Q5XKE5,KRT79
2466,2459,Q5XXA6,ANO1
2467,2460,Q63HR2,TNS2
2468,2461,Q63ZE4,SLC22A10
2469,2462,Q63ZY3,KANK2
2470,2463,Q658P3,STEAP3
2471,2464,Q66PJ3,ARL6IP4
2472,2465,Q676U5,ATG16L1
2473,2466,Q687X5,STEAP4
2474,2467,Q68CJ9,CREB3L3
2475,2468,Q68CK6,ACSM2B
2476,2469,Q68CP9,ARID2
2477,2470,Q68DK2,ZFYVE26
2478,2471,Q68DX3,FRMPD2
2479,2472,Q693B1,KCTD11
2480,2473,Q693P7,NA
2481,2474,Q6B0K9,HBM
2482,2475,Q6DN90,IQSEC1
2483,2476,Q6DT37,CDC42BPG
2484,2477,Q6EEV6,SUMO4
2485,2478,Q6EKJ0,GTF2IRD2B
2486,2479,Q6EMB2,TTLL5
2487,2480,Q6FHJ7,SFRP4
2488,2481,Q6FIF0,ZFAND6
2489,2482,Q6GYQ0,RALGAPA1
2490,2483,Q6H8Q1,ABLIM2
2491,2484,Q6IA17,SIGIRR
2492,2485,Q6IA69,NADSYN1
2493,2486,Q6IBW4,NCAPH2
2494,2487,Q6IPK9,NA
2495,2488,Q6IQ23,PLEKHA7
2496,2489,Q6KB66,KRT80
2497,2490,Q6L9W6,B4GALNT3
2498,2491,Q6LAP9,NA
2499,2492,Q6N063,OGFOD2
2500,2493,Q6NS38,ALKBH2
2501,2494,Q6NSJ5,LRRC8E
2502,2495,Q6NT46,GAGE2A
2503,2496,Q6NUM9,RETSAT
2504,2497,Q6NUN0,ACSM5
2505,2498,Q6NVH7,SWSAP1
2506,2499,Q6NXT1,ANKRD54
2507,2500,Q6NY19,KANK3
2508,2501,Q6NZI2,CAVIN1
2509,2502,Q6P1J9,CDC73
2510,2503,Q6P1N0,CC2D1A
2511,2504,Q6P2I7,EBLN2
2512,2505,Q6P3R8,NEK5
2513,2506,Q6P4Q7,CNNM4
2514,2507,Q6P4R8,NFRKB
2515,2508,Q6P589,TNFAIP8L2
2516,2509,Q6P5Z2,PKN3
2517,2510,Q6P996,PDXDC1
2518,2511,Q6P9F0,CCDC62
2519,2512,Q6P9F7,LRRC8B
2520,2513,Q6PCB0,VWA1
2521,2514,Q6PCD5,RFWD3
2522,2515,Q6PEW1,ZCCHC12
2523,2516,Q6PFW1,PPIP5K1
2524,2517,Q6PHR2,ULK3
2525,2518,Q6PI48,DARS2
2526,2519,Q6PIF2,SYCE2
2527,2520,Q6PIY7,TENT2
2528,2521,Q6PJG9,LRFN4
2529,2522,Q6PJT7,ZC3H14
2530,2523,Q6PK04,CCDC137
2531,2524,Q6PP77,XKRX
2532,2525,Q6PXP3,SLC2A7
2533,2526,Q6Q0C1,SLC25A47
2534,2527,Q6Q788,APOA5
2535,2528,Q6QNY0,BLOC1S3
2536,2529,Q6QNY1,BLOC1S2
2537,2530,Q6RI45,BRWD3
2538,2531,Q6SJ96,TBPL2
2539,2532,Q6SZW1,SARM1
2540,2533,Q6U841,SLC4A10
2541,2534,Q6UB98,ANKRD12
2542,2535,Q6UB99,ANKRD11
2543,2536,Q6UWZ7,ABRAXAS1
2544,2537,Q6UX15,LAYN
2545,2538,Q6UXH1,CRELD2
2546,2539,Q6UXH8,CCBE1
2547,2540,Q6UXM1,LRIG3
2548,2541,Q6UXN2,TREML4
2549,2542,Q6V0L0,CYP26C1
2550,2543,Q6VVX0,CYP2R1
2551,2544,Q6XUX3,DSTYK
2552,2545,Q6XZB0,LIPI
2553,2546,Q6Y7W6,GIGYF2
2554,2547,Q6YP21,KYAT3
2555,2548,Q6ZMN7,PDZRN4
2556,2549,Q6ZMR3,LDHAL6A
2557,2550,Q6ZN16,MAP3K15
2558,2551,Q6ZNK6,TIFAB
2559,2552,Q6ZQN7,SLCO4C1
2560,2553,Q6ZRK6,CCDC73
2561,2554,Q6ZRS2,SRCAP
2562,2555,Q6ZS81,WDFY4
2563,2556,Q6ZSM3,SLC16A12
2564,2557,Q6ZSS7,MFSD6
2565,2558,Q6ZU64,CFAP65
2566,2559,Q6ZV29,PNPLA7
2567,2560,Q6ZVD8,PHLPP2
2568,2561,Q6ZW49,PAXIP1
2569,2562,Q701N4,KRTAP5-2
2570,2563,Q70E73,RAPH1
2571,2564,Q70SY1,CREB3L2
2572,2565,Q70YC5,ZNF365
2573,2566,Q71U36,TUBA1A
2574,2567,Q72547,NA
2575,2568,Q72874,NA
2576,2569,Q75V66,ANO5
2577,2570,Q7KZ85,SUPT6H
2578,2571,Q7KZA3,NA
2579,2572,Q7KZI7,MARK2
2580,2573,Q7L099,RUFY3
2581,2574,Q7L0J3,SV2A
2582,2575,Q7L1W4,LRRC8D
2583,2576,Q7L523,RRAGA
2584,2577,Q7L5Y9,MAEA
2585,2578,Q7L7X3,TAOK1
2586,2579,Q7L8L6,FASTKD5
2587,2580,Q7LG56,RRM2B
2588,2581,Q7RTN6,STRADA
2589,2582,Q7RTS7,KRT74
2590,2583,Q7RTT5,SSX7
2591,2584,Q7RTT9,SLC29A4
2592,2585,Q7Z2H8,SLC36A1
2593,2586,Q7Z2W4,ZC3HAV1
2594,2587,Q7Z2W7,TRPM8
2595,2588,Q7Z333,SETX
2596,2589,Q7Z3G6,PRICKLE2
2597,2590,Q7Z3J3,RGPD4
2598,2591,Q7Z3S7,CACNA2D4
2599,2592,Q7Z3T8,ZFYVE16
2600,2593,Q7Z406,MYH14
2601,2594,Q7Z412,PEX26
2602,2595,Q7Z417,NUFIP2
2603,2596,Q7Z418,KCNK18
2604,2597,Q7Z444,ERAS
2605,2598,Q7Z460,CLASP1
2606,2599,Q7Z465,BNIPL
2607,2600,Q7Z4F1,LRP10
2608,2601,Q7Z4I7,LIMS2
2609,2602,Q7Z4N2,TRPM1
2610,2603,Q7Z5B4,RIC3
2611,2604,Q7Z5J8,ANKAR
2612,2605,Q7Z5Q1,CPEB2
2613,2606,Q7Z5Q5,POLN
2614,2607,Q7Z698,SPRED2
2615,2608,Q7Z699,SPRED1
2616,2609,Q7Z6G8,ANKS1B
2617,2610,Q7Z6J8,UBE3D
2618,2611,Q7Z6L1,TECPR1
2619,2612,Q7Z6M2,FBXO33
2620,2613,Q7Z6Z6,PNPLA5
2621,2614,Q7Z6Z7,HUWE1
2622,2615,Q7Z794,KRT77
2623,2616,Q7Z7A4,PXK
2624,2617,Q7Z7D3,VTCN1
2625,2618,Q7Z7G1,CLNK
2626,2619,Q7Z7H5,TMED4
2627,2620,Q7Z7M0,MEGF8
2628,2621,Q7ZJM1,NA
2629,2622,Q86SG2,ANKRD23
2630,2623,Q86SG6,NEK8
2631,2624,Q86SJ6,DSG4
2632,2625,Q86SM5,MRGPRG
2633,2626,Q86SM8,MRGPRE
2634,2627,Q86SQ7,SDCCAG8
2635,2628,Q86SU0,ILDR1
2636,2629,Q86T13,CLEC14A
2637,2630,Q86T24,ZBTB33
2638,2631,Q86UE8,TLK2
2639,2632,Q86UP8,GTF2IRD2
2640,2633,Q86UW1,SLC51A
2641,2634,Q86UW2,SLC51B
2642,2635,Q86UW7,CADPS2
2643,2636,Q86UW8,HAPLN4
2644,2637,Q86UY8,NT5DC3
2645,2638,Q86UZ6,ZBTB46
2646,2639,Q86V86,PIM3
2647,2640,Q86VB7,CD163
2648,2641,Q86VL8,SLC47A2
2649,2642,Q86VW1,SLC22A16
2650,2643,Q86W33,TPRA1
2651,2644,Q86W47,KCNMB4
2652,2645,Q86WH2,RASSF3
2653,2646,Q86WJ1,CHD1L
2654,2647,Q86XI2,NCAPG2
2655,2648,Q86XK7,VSIG1
2656,2649,Q86Y22,COL23A1
2657,2650,Q86Y39,NDUFA11
2658,2651,Q86Y46,KRT73
2659,2652,Q86YB8,ERO1B
2660,2653,Q86YC2,PALB2
2661,2654,Q86YN6,PPARGC1B
2662,2655,Q86YV6,MYLK4
2663,2656,Q86YW5,TREML1
2664,2657,Q86YZ3,HRNR
2665,2658,Q86Z20,CCDC125
2666,2659,Q8IU85,CAMK1D
2667,2660,Q8IUE0,TGIF2LY
2668,2661,Q8IUE1,TGIF2LX
2669,2662,Q8IUF1,ZNG1B
2670,2663,Q8IUH3,RBM45
2671,2664,Q8IUH4,ZDHHC13
2672,2665,Q8IUH5,ZDHHC17
2673,2666,Q8IUX7,AEBP1
2674,2667,Q8IV16,GPIHBP1
2675,2668,Q8IVB4,SLC9A9
2676,2669,Q8IVE3,PLEKHH2
2677,2670,Q8IVG5,SAMD9L
2678,2671,Q8IVH4,MMAA
2679,2672,Q8IVH8,MAP4K3
2680,2673,Q8IVL5,P3H2
2681,2674,Q8IVL6,P3H3
2682,2675,Q8IVM0,CCDC50
2683,2676,Q8IVQ6,ZDHHC21
2684,2677,Q8IVW6,ARID3B
2685,2678,Q8IW40,DNAAF19
2686,2679,Q8IW41,MAPKAPK5
2687,2680,Q8IWE5,PLEKHM2
2688,2681,Q8IWF2,FOXRED2
2689,2682,Q8IWJ2,GCC2
2690,2683,Q8IWL1,SFTPA2
2691,2684,Q8IWL2,SFTPA1
2692,2685,Q8IWT1,SCN4B
2693,2686,Q8IWT6,LRRC8A
2694,2687,Q8IWU4,SLC30A8
2695,2688,Q8IWU5,SULF2
2696,2689,Q8IWU6,SULF1
2697,2690,Q8IWU9,TPH2
2698,2691,Q8IWW8,ADHFE1
2699,2692,Q8IWY9,CDAN1
2700,2693,Q8IWZ3,ANKHD1
2701,2694,Q8IX04,UEVLD
2702,2695,Q8IX15,HOMEZ
2703,2696,Q8IX19,MCEMP1
2704,2697,Q8IXK2,GALNT12
2705,2698,Q8IXQ6,PARP9
2706,2699,Q8IXS2,CCDC65
2707,2700,Q8IXV7,KLHDC8B
2708,2701,Q8IY17,PNPLA6
2709,2702,Q8IY84,NIM1K
2710,2703,Q8IYQ7,THNSL1
2711,2704,Q8IYR6,TMEFF1
2712,2705,Q8IYT8,ULK2
2713,2706,Q8IYU2,HACE1
2714,2707,Q8IYV9,IZUMO1
2715,2708,Q8IZ41,RASEF
2716,2709,Q8IZ96,CMTM1
2717,2710,Q8IZC6,COL27A1
2718,2711,Q8IZI9,IFNL3
2719,2712,Q8IZJ3,CPAMD8
2720,2713,Q8IZR5,CMTM4
2721,2714,Q8IZS8,CACNA2D3
2722,2715,Q8IZU9,KIRREL3
2723,2716,Q8IZV2,CMTM8
2724,2717,Q8IZX4,TAF1L
2725,2718,Q8IZY5,BLID
2726,2719,Q8J025,APCDD1
2727,2720,Q8N0S2,SYCE1
2728,2721,Q8N0U8,VKORC1L1
2729,2722,Q8N0W4,NLGN4X
2730,2723,Q8N0Z2,ABRA
2731,2724,Q8N103,TAGAP
2732,2725,Q8N109,KIR2DL5A
2733,2726,Q8N143,BCL6B
2734,2727,Q8N159,NAGS
2735,2728,Q8N1C3,GABRG1
2736,2729,Q8N1N4,KRT78
2737,2730,Q8N1Q1,CA13
2738,2731,Q8N2K0,ABHD12
2739,2732,Q8N2S1,LTBP4
2740,2733,Q8N3X6,LCORL
2741,2734,Q8N441,FGFRL1
2742,2735,Q8N4C8,MINK1
2743,2736,Q8N4Q1,CHCHD4
2744,2737,Q8N4T0,CPA6
2745,2738,Q8N4Y2,CRACR2B
2746,2739,Q8N543,OGFOD1
2747,2740,Q8N568,DCLK2
2748,2741,Q8N5K1,CISD2
2749,2742,Q8N5S9,CAMKK1
2750,2743,Q8N5X7,EIF4E3
2751,2744,Q8N5Z0,AADAT
2752,2745,Q8N653,LZTR1
2753,2746,Q8N695,SLC5A8
2754,2747,Q8N6F1,CLDN19
2755,2748,Q8N6M9,ZFAND2A
2756,2749,Q8N841,TTLL6
2757,2750,Q8N8N7,PTGR2
2758,2751,Q8N8R3,SLC25A29
2759,2752,Q8N8U9,BMPER
2760,2753,Q8N8V4,ANKS4B
2761,2754,Q8N8W4,PNPLA1
2762,2755,Q8N907,DAND5
2763,2756,Q8NA29,MFSD2A
2764,2757,Q8NAM6,ZSCAN4
2765,2758,Q8NAP3,ZBTB38
2766,2759,Q8NAT1,POMGNT2
2767,2760,Q8NAU1,FNDC5
2768,2761,Q8NB12,SMYD1
2769,2762,Q8NBN7,RDH13
2770,2763,Q8NBP7,PCSK9
2771,2764,Q8NCN2,NA
2772,2765,Q8NCR0,B3GALNT2
2773,2766,Q8NCU7,C2CD4A
2774,2767,Q8NCW0,KREMEN2
2775,2768,Q8ND23,CARMIL3
2776,2769,Q8ND76,CCNY
2777,2770,Q8NDB2,BANK1
2778,2771,Q8NDF8,TENT4B
2779,2772,Q8NDI1,EHBP1
2780,2773,Q8NDN9,RCBTB1
2781,2774,Q8NDT2,RBM15B
2782,2775,Q8NDX1,PSD4
2783,2776,Q8NE01,CNNM3
2784,2777,Q8NE35,CPEB3
2785,2778,Q8NEA6,GLIS3
2786,2779,Q8NEF9,SRFBP1
2787,2780,Q8NEM2,SHCBP1
2788,2781,Q8NEP3,DNAAF1
2789,2782,Q8NER1,TRPV1
2790,2783,Q8NET8,TRPV3
2791,2784,Q8NEV4,MYO3A
2792,2785,Q8NEW7,TMIE
2793,2786,Q8NF50,DOCK8
2794,2787,Q8NF86,PRSS33
2795,2788,Q8NFD2,ANKK1
2796,2789,Q8NFD5,ARID1B
2797,2790,Q8NFG4,FLCN
2798,2791,Q8NFH8,REPS2
2799,2792,Q8NFJ5,GPRC5A
2800,2793,Q8NFT2,STEAP2
2801,2794,Q8NFT8,DNER
2802,2795,Q8NFW1,COL22A1
2803,2796,Q8NFW8,CMAS
2804,2797,Q8NG48,LINS1
2805,2798,Q8NG66,NEK11
2806,2799,Q8NHS3,MFSD8
2807,2800,Q8NHU6,TDRD7
2808,2801,Q8NHY0,B4GALNT2
2809,2802,Q8NHY2,COP1
2810,2803,Q8NHZ7,MBD3L2
2811,2804,Q8NI17,IL31RA
2812,2805,Q8NI22,MCFD2
2813,2806,Q8NI36,NA
2814,2807,Q8NI51,CTCFL
2815,2808,Q8NI60,COQ8A
2816,2809,Q8TAB3,PCDH19
2817,2810,Q8TAE8,GADD45GIP1
2818,2811,Q8TAX7,MUC7
2819,2812,Q8TAZ6,CMTM2
2820,2813,Q8TB96,ITFG1
2821,2814,Q8TBE0,BAHD1
2822,2815,Q8TBF4,ZCRB1
2823,2816,Q8TBX8,PIP4K2C
2824,2817,Q8TC12,RDH11
2825,2818,Q8TC36,SUN5
2826,2819,Q8TCC7,SLC22A8
2827,2820,Q8TCG2,PI4K2B
2828,2821,Q8TCT9,HM13
2829,2822,Q8TCU5,GRIN3A
2830,2823,Q8TD06,AGR3
2831,2824,Q8TD08,MAPK15
2832,2825,Q8TD19,NEK9
2833,2826,Q8TD20,SLC2A12
2834,2827,Q8TD30,GPT2
2835,2828,Q8TD43,TRPM4
2836,2829,Q8TD84,DSCAML1
2837,2830,Q8TDI0,CHD5
2838,2831,Q8TDR2,STK35
2839,2832,Q8TDS4,HCAR2
2840,2833,Q8TDS7,MRGPRD
2841,2834,Q8TDU6,GPBAR1
2842,2835,Q8TDW0,LRRC8C
2843,2836,Q8TDX7,NEK7
2844,2837,Q8TDY2,RB1CC1
2845,2838,Q8TEC5,SH3RF2
2846,2839,Q8TET4,GANC
2847,2840,Q8TEY5,CREB3L4
2848,2841,Q8TF30,WHAMM
2849,2842,Q8TF42,UBASH3B
2850,2843,Q8TF44,C2CD4C
2851,2844,Q8TF71,SLC16A10
2852,2845,Q8WTP8,AEN
2853,2846,Q8WTR4,GDPD5
2854,2847,Q8WTU2,SSC4D
2855,2848,Q8WTV0,SCARB1
2856,2849,Q8WU08,STK32A
2857,2850,Q8WU20,FRS2
2858,2851,Q8WU68,U2AF1L4
2859,2852,Q8WUH2,TGFBRAP1
2860,2853,Q8WUM4,PDCD6IP
2861,2854,Q8WUU5,GATAD1
2862,2855,Q8WV99,ZFAND2B
2863,2856,Q8WVF1,OSCP1
2864,2857,Q8WVY7,UBLCP1
2865,2858,Q8WWL7,CCNB3
2866,2859,Q8WWQ0,PHIP
2867,2860,Q8WWQ8,STAB2
2868,2861,Q8WWW0,RASSF5
2869,2862,Q8WWY6,MBD3L1
2870,2863,Q8WWY8,LIPH
2871,2864,Q8WWZ7,ABCA5
2872,2865,Q8WX77,IGFBPL1
2873,2866,Q8WX93,PALLD
2874,2867,Q8WXA3,RUFY2
2875,2868,Q8WXD0,RXFP2
2876,2869,Q8WXF7,ATL1
2877,2870,Q8WXG1,RSAD2
2878,2871,Q8WXG6,MADD
2879,2872,Q8WXH2,JPH3
2880,2873,Q8WXH4,ASB11
2881,2874,Q8WXS5,CACNG8
2882,2875,Q8WY07,SLC7A3
2883,2876,Q8WYA0,IFT81
2884,2877,Q8WYA1,BMAL2
2885,2878,Q8WYH8,ING5
2886,2879,Q8WZ19,KCTD13
2887,2880,Q8WZ42,TTN
2888,2881,Q8WZ73,RFFL
2889,2882,Q8WZA0,LZIC
2890,2883,Q91CQ6,NA
2891,2884,Q92506,HSD17B8
2892,2885,Q92527,ANKRD7
2893,2886,Q92536,SLC7A6
2894,2887,Q92538,GBF1
2895,2888,Q92562,FIG4
2896,2889,Q92569,PIK3R3
2897,2890,Q92570,NR4A3
2898,2891,Q92581,SLC9A6
2899,2892,Q92611,EDEM1
2900,2893,Q92616,GCN1
2901,2894,Q92624,APPBP2
2902,2895,Q92625,ANKS1A
2903,2896,Q92629,SGCD
2904,2897,Q92630,DYRK2
2905,2898,Q92698,RAD54L
2906,2899,Q92731,ESR2
2907,2900,Q92733,PRCC
2908,2901,Q92736,RYR2
2909,2902,Q92743,HTRA1
2910,2903,Q92747,ARPC1A
2911,2904,Q92753,RORB
2912,2905,Q92764,KRT35
2913,2906,Q92766,RREB1
2914,2907,Q92769,HDAC2
2915,2908,Q92772,CDKL2
2916,2909,Q92777,SYN2
2917,2910,Q92781,RDH5
2918,2911,Q92796,DLG3
2919,2912,Q92806,KCNJ9
2920,2913,Q92820,GGH
2921,2914,Q92834,RPGR
2922,2915,Q92837,FRAT1
2923,2916,Q92847,GHSR
2924,2917,Q92851,CASP10
2925,2918,Q92870,APBB2
2926,2919,Q92887,ABCC2
2927,2920,Q92908,GATA6
2928,2921,Q92913,FGF13
2929,2922,Q92914,FGF11
2930,2923,Q92915,FGF14
2931,2924,Q92918,MAP4K1
2932,2925,Q92945,KHSRP
2933,2926,Q92947,GCDH
2934,2927,Q92952,KCNN1
2935,2928,Q92953,KCNB2
2936,2929,Q92956,TNFRSF14
2937,2930,Q92959,SLCO2A1
2938,2931,Q92963,RIT1
2939,2932,Q92966,SNAPC3
2940,2933,Q92968,PEX13
2941,2934,Q93038,TNFRSF25
2942,2935,Q93052,LPP
2943,2936,Q93062,RBPMS
2944,2937,Q93088,BHMT
2945,2938,Q969F8,KISS1R
2946,2939,Q969G2,LHX4
2947,2940,Q969P6,TOP1MT
2948,2941,Q969S2,NEIL2
2949,2942,Q969S8,HDAC10
2950,2943,Q969W9,PMEPA1
2951,2944,Q969X0,RILPL2
2952,2945,Q969X1,TMBIM1
2953,2946,Q969Z0,TBRG4
2954,2947,Q969Z3,MTARC2
2955,2948,Q96A56,TP53INP1
2956,2949,Q96A58,RERG
2957,2950,Q96AA8,JAKMIP2
2958,2951,Q96AD5,PNPLA2
2959,2952,Q96AE4,FUBP1
2960,2953,Q96AG4,LRRC59
2961,2954,Q96AH0,NABP1
2962,2955,Q96AM1,MRGPRF
2963,2956,Q96AQ7,CIDEC
2964,2957,Q96AT9,RPE
2965,2958,Q96B97,SH3KBP1
2966,2959,Q96BD0,SLCO4A1
2967,2960,Q96BF3,TMIGD2
2968,2961,Q96BI1,SLC67A1
2969,2962,Q96BP2,CHCHD1
2970,2963,Q96BR1,SGK3
2971,2964,Q96C36,PYCR2
2972,2965,Q96CA5,BIRC7
2973,2966,Q96CG3,TIFA
2974,2967,Q96CG8,CTHRC1
2975,2968,Q96CN9,GCC1
2976,2969,Q96CU9,FOXRED1
2977,2970,Q96CV9,OPTN
2978,2971,Q96CX2,KCTD12
2979,2972,Q96D31,ORAI1
2980,2973,Q96D53,COQ8B
2981,2974,Q96D71,REPS1
2982,2975,Q96DC9,OTUB2
2983,2976,Q96DN2,VWCE
2984,2977,Q96DU7,ITPKC
2985,2978,Q96DZ9,CMTM5
2986,2979,Q96E35,ZMYND19
2987,2980,Q96E93,KLRG1
2988,2981,Q96ES7,SGF29
2989,2982,Q96EY7,PTCD3
2990,2983,Q96EY8,MMAB
2991,2984,Q96F46,IL17RA
2992,2985,Q96FI4,NEIL1
2993,2986,Q96FL8,SLC47A1
2994,2987,Q96FM1,PGAP3
2995,2988,Q96FW1,OTUB1
2996,2989,Q96FZ5,CMTM7
2997,2990,Q96G97,BSCL2
2998,2991,Q96GD4,AURKB
2999,2992,Q96GN5,CDCA7L
3000,2993,Q96GW9,MARS2
3001,2994,Q96H15,TIMD4
3002,2995,Q96HA7,TONSL
3003,2996,Q96HD1,CRELD1
3004,2997,Q96HJ3,CCDC34
3005,2998,Q96I24,FUBP3
3006,2999,Q96I82,KAZALD1
3007,3000,Q96IQ7,VSIG2
3008,3001,Q96IS3,RAX2
3009,3002,Q96J66,ABCC11
3010,3003,Q96J92,WNK4
3011,3004,Q96JA1,LRIG1
3012,3005,Q96JA3,PLEKHA8
3013,3006,Q96JE9,MAP6
3014,3007,Q96JN2,CCDC136
3015,3008,Q96JX3,SERAC1
3016,3009,Q96JZ2,HSH2D
3017,3010,Q96KF2,PRAC1
3018,3011,Q96KG7,MEGF10
3019,3012,Q96KS0,EGLN2
3020,3013,Q96L12,CALR3
3021,3014,Q96L34,MARK4
3022,3015,Q96L73,NSD1
3023,3016,Q96LA9,MRGPRX4
3024,3017,Q96LB0,MRGPRX3
3025,3018,Q96LB1,MRGPRX2
3026,3019,Q96LB2,MRGPRX1
3027,3020,Q96LC7,SIGLEC10
3028,3021,Q96LT7,C9orf72
3029,3022,Q96LZ3,PPP3R2
3030,3023,Q96M91,CFAP53
3031,3024,Q96M93,ADAD1
3032,3025,Q96MP8,KCTD7
3033,3026,Q96MT3,PRICKLE1
3034,3027,Q96MU8,KREMEN1
3035,3028,Q96MV8,ZDHHC15
3036,3029,Q96MX0,CMTM3
3037,3030,Q96N16,JAKMIP1
3038,3031,Q96NI6,LRFN5
3039,3032,Q96NM4,TOX2
3040,3033,Q96NR8,RDH12
3041,3034,Q96NT0,VMA22
3042,3035,Q96NT5,SLC46A1
3043,3036,Q96NX5,CAMK1G
3044,3037,Q96P16,RPRD1A
3045,3038,Q96P44,COL21A1
3046,3039,Q96P53,WDFY2
3047,3040,Q96P71,NECAB3
3048,3041,Q96P88,NA
3049,3042,Q96PD4,IL17F
3050,3043,Q96PD5,PGLYRP2
3051,3044,Q96PD7,DGAT2
3052,3045,Q96PF1,TGM7
3053,3046,Q96PQ1,SIGLEC12
3054,3047,Q96PR1,KCNC2
3055,3048,Q96PU5,NEDD4L
3056,3049,Q96PV0,SYNGAP1
3057,3050,Q96PX8,SLITRK1
3058,3051,Q96PY6,NEK1
3059,3052,Q96Q05,TRAPPC9
3060,3053,Q96Q27,ASB2
3061,3054,Q96Q40,CDK15
3062,3055,Q96Q42,ALS2
3063,3056,Q96Q83,ALKBH3
3064,3057,Q96QH2,PRAM1
3065,3058,Q96QK1,VPS35
3066,3059,Q96QR8,PURB
3067,3060,Q96QS3,ARX
3068,3061,Q96QT4,TRPM7
3069,3062,Q96R05,RBP7
3070,3063,Q96RD7,PANX1
3071,3064,Q96RE7,NACC1
3072,3065,Q96RG2,PASK
3073,3066,Q96RI1,NR1H4
3074,3067,Q96RJ0,TAAR1
3075,3068,Q96RJ3,TNFRSF13C
3076,3069,Q96RL1,UIMC1
3077,3070,Q96RL6,SIGLEC11
3078,3071,Q96RP8,KCNA7
3079,3072,Q96RQ9,IL4I1
3080,3073,Q96RR4,CAMKK2
3081,3074,Q96S37,SLC22A12
3082,3075,Q96S42,NODAL
3083,3076,Q96S86,HAPLN3
3084,3077,Q96S94,CCNL2
3085,3078,Q96S95,CAMK2N2
3086,3079,Q96SB4,SRPK1
3087,3080,Q96SI9,STRBP
3088,3081,Q96SN7,ORAI2
3089,3082,Q96SW2,CRBN
3090,3083,Q96T21,SECISBP2
3091,3084,Q96T51,RUFY1
3092,3085,Q96T88,UHRF1
3093,3086,Q96T92,INSM2
3094,3087,Q99075,HBEGF
3095,3088,Q99250,SCN2A
3096,3089,Q99259,GAD1
3097,3090,Q99445,GML
3098,3091,Q99453,PHOX2B
3099,3092,Q99456,KRT12
3100,3093,Q99497,PARK7
3101,3094,Q99500,S1PR3
3102,3095,Q99519,NEU1
3103,3096,Q99523,SORT1
3104,3097,Q99527,GPER1
3105,3098,Q99571,P2RX4
3106,3099,Q99574,SERPINI1
3107,3100,Q99578,RIT2
3108,3101,Q99584,S100A13
3109,3102,Q99612,KLF6
3110,3103,Q99623,PHB2
3111,3104,Q99624,SLC38A3
3112,3105,Q99640,PKMYT1
3113,3106,Q99650,OSMR
3114,3107,Q99666,RGPD6
3115,3107,Q99666,RGPD5
3116,3108,Q99674,CGREF1
3117,3109,Q99675,CGRRF1
3118,3110,Q99684,GFI1
3119,3111,Q99697,PITX2
3120,3112,Q99705,MCHR1
3121,3113,Q99706,KIR2DL4
3122,3114,Q99707,MTR
3123,3115,Q99714,HSD17B10
3124,3116,Q99715,COL12A1
3125,3117,Q99720,SIGMAR1
3126,3118,Q99728,BARD1
3127,3119,Q99732,LITAF
3128,3120,Q99735,MGST2
3129,3121,Q99758,ABCA3
3130,3122,Q99759,MAP3K3
3131,3123,Q99767,APBA2
3132,3124,Q99798,ACO2
3133,3125,Q99808,SLC29A1
3134,3126,Q99816,TSG101
3135,3127,Q99819,ARHGDIG
3136,3128,Q99829,CPNE1
3137,3129,Q99835,SMO
3138,3130,Q99856,ARID3A
3139,3131,Q99870,NA
3140,3132,Q99895,CTRC
3141,3133,Q99928,GABRG3
3142,3134,Q99961,SH3GL1
3143,3135,Q99996,AKAP9
3144,3136,Q9BPW4,APOL4
3145,3137,Q9BPX3,NCAPG
3146,3138,Q9BPX6,MICU1
3147,3139,Q9BQ15,NABP2
3148,3140,Q9BQ24,ZFYVE21
3149,3141,Q9BQ52,ELAC2
3150,3142,Q9BQ67,GRWD1
3151,3143,Q9BQB6,VKORC1
3152,3144,Q9BQE5,APOL2
3153,3145,Q9BQI3,EIF2AK1
3154,3146,Q9BQI5,SGIP1
3155,3147,Q9BQS8,FYCO1
3156,3148,Q9BR39,JPH2
3157,3149,Q9BRQ5,ORAI3
3158,3150,Q9BRS2,RIOK1
3159,3151,Q9BRT8,ZNG1A
3160,3152,Q9BSW2,CRACR2A
3161,3153,Q9BT04,FUZ
3162,3154,Q9BT40,INPP5K
3163,3155,Q9BTE3,MCMBP
3164,3156,Q9BTN0,LRFN3
3165,3157,Q9BTT6,LRRC1
3166,3158,Q9BTV5,FSD1
3167,3159,Q9BTZ2,DHRS4
3168,3160,Q9BUB5,MKNK1
3169,3161,Q9BUK0,CHCHD7
3170,3162,Q9BUM1,G6PC3
3171,3163,Q9BUN5,CCDC28B
3172,3164,Q9BUR4,WRAP53
3173,3165,Q9BUR5,APOO
3174,3166,Q9BV79,MECR
3175,3167,Q9BV94,EDEM2
3176,3168,Q9BVG9,PTDSS2
3177,3169,Q9BVM4,GGACT
3178,3170,Q9BVP2,GNL3
3179,3171,Q9BVS4,RIOK2
3180,3172,Q9BVT8,TMUB1
3181,3173,Q9BW60,ELOVL1
3182,3174,Q9BW92,TARS2
3183,3175,Q9BWC9,CCDC106
3184,3176,Q9BWG4,SSBP4
3185,3177,Q9BWT7,CARD10
3186,3178,Q9BWU1,CDK19
3187,3179,Q9BWW4,SSBP3
3188,3180,Q9BWW7,SCRT1
3189,3181,Q9BWW8,APOL6
3190,3182,Q9BWW9,APOL5
3191,3183,Q9BX63,BRIP1
3192,3184,Q9BX68,HINT2
3193,3185,Q9BX69,CARD6
3194,3186,Q9BX84,TRPM6
3195,3187,Q9BXA7,TSSK1B
3196,3188,Q9BXB1,LGR4
3197,3189,Q9BXI9,C1QTNF6
3198,3190,Q9BXJ0,C1QTNF5
3199,3191,Q9BXJ1,C1QTNF1
3200,3192,Q9BXJ3,C1QTNF4
3201,3193,Q9BXJ4,C1QTNF3
3202,3194,Q9BXJ7,AMN
3203,3195,Q9BXL6,CARD14
3204,3196,Q9BXL7,CARD11
3205,3197,Q9BXM7,PINK1
3206,3198,Q9BXN2,CLEC7A
3207,3199,Q9BXS0,COL25A1
3208,3200,Q9BXT2,CACNG6
3209,3201,Q9BXW4,MAP1LC3C
3210,3202,Q9BXX3,ANKRD30A
3211,3203,Q9BY07,SLC4A5
3212,3204,Q9BY11,PACSIN1
3213,3205,Q9BY27,DGCR6L
3214,3206,Q9BY41,HDAC8
3215,3207,Q9BY49,PECR
3216,3208,Q9BY66,KDM5D
3217,3209,Q9BYB0,NA
3218,3210,Q9BYF1,ACE2
3219,3211,Q9BYH8,NFKBIZ
3220,3212,Q9BYK8,HELZ2
3221,3213,Q9BYP7,WNK3
3222,3214,Q9BYS8,LRRC2
3223,3215,Q9BYT3,STK33
3224,3216,Q9BYU1,PBX4
3225,3217,Q9BYW1,SLC2A11
3226,3218,Q9BYX4,IFIH1
3227,3219,Q9BYZ2,LDHAL6B
3228,3220,Q9BYZ6,RHOBTB2
3229,3221,Q9BZ95,NSD3
3230,3222,Q9BZB8,CPEB1
3231,3223,Q9BZD6,PRRG4
3232,3224,Q9BZD7,PRRG3
3233,3225,Q9BZE9,ASPSCR1
3234,3226,Q9BZI7,UPF3B
3235,3227,Q9BZJ0,CRNKL1
3236,3228,Q9BZL6,PRKD2
3237,3229,Q9BZQ6,EDEM3
3238,3230,Q9BZR6,RTN4R
3239,3231,Q9BZS1,FOXP3
3240,3232,Q9BZV3,IMPG2
3241,3233,Q9BZW8,CD244
3242,3234,Q9C000,NLRP1
3243,3235,Q9C002,C15orf48
3244,3236,Q9C010,PKIB
3245,3237,Q9C075,KRT23
3246,3238,Q9C098,DCLK3
3247,3239,Q9C0B5,ZDHHC5
3248,3240,Q9C0J1,B3GNT4
3249,3241,Q9C0K7,STRADB
3250,3242,Q9GZM3,POLR2J2
3251,3243,Q9GZN2,TGIF2
3252,3244,Q9GZN4,PRSS22
3253,3245,Q9GZQ8,MAP1LC3B
3254,3246,Q9GZR5,ELOVL4
3255,3247,Q9GZT3,SLIRP
3256,3248,Q9GZT9,EGLN1
3257,3249,Q9GZV1,ANKRD2
3258,3250,Q9GZV9,FGF23
3259,3251,Q9GZZ6,CHRNA10
3260,3252,Q9H015,SLC22A4
3261,3253,Q9H091,ZMYND15
3262,3254,Q9H093,NUAK2
3263,3255,Q9H0K1,SIK2
3264,3256,Q9H0U3,MAGT1
3265,3257,Q9H0W5,CCDC8
3266,3258,Q9H160,ING2
3267,3259,Q9H169,STMN4
3268,3260,Q9H1D0,TRPV6
3269,3261,Q9H1E3,NUCKS1
3270,3262,Q9H1K0,RBSN
3271,3263,Q9H1K4,SLC25A18
3272,3264,Q9H1R3,MYLK2
3273,3265,Q9H1U4,MEGF9
3274,3266,Q9H221,ABCG8
3275,3267,Q9H222,ABCG5
3276,3268,Q9H228,S1PR5
3277,3269,Q9H244,P2RY12
3278,3270,Q9H252,KCNH6
3279,3271,Q9H257,CARD9
3280,3272,Q9H2D1,SLC25A32
3281,3273,Q9H2G2,SLK
3282,3274,Q9H2K8,TAOK3
3283,3275,Q9H2M3,BHMT2
3284,3276,Q9H2S1,KCNN2
3285,3277,Q9H2X6,HIPK2
3286,3278,Q9H2X9,SLC12A5
3287,3279,Q9H329,EPB41L4B
3288,3280,Q9H334,FOXP1
3289,3281,Q9H3H5,DPAGT1
3290,3282,Q9H3N8,HRH4
3291,3283,Q9H3P7,ACBD3
3292,3284,Q9H3U7,SMOC2
3293,3285,Q9H3Y6,SRMS
3294,3286,Q9H422,HIPK3
3295,3287,Q9H444,CHMP4B
3296,3288,Q9H492,MAP1LC3A
3297,3289,Q9H4A3,WNK1
3298,3290,Q9H4B4,PLK3
3299,3291,Q9H4B7,TUBB1
3300,3292,Q9H4F8,SMOC1
3301,3293,Q9H4G0,EPB41L1
3302,3294,Q9H4M7,PLEKHA4
3303,3295,Q9H5J4,ELOVL6
3304,3296,Q9H5J8,TAF1D
3305,3297,Q9H5N1,RABEP2
3306,3298,Q9H5U6,ZCCHC4
3307,3299,Q9H668,STN1
3308,3300,Q9H6D8,FNDC4
3309,3301,Q9H6F5,CCDC86
3310,3302,Q9H6L5,RETREG1
3311,3303,Q9H6Q4,CIAO3
3312,3304,Q9H6Z9,EGLN3
3313,3305,Q9H7B4,SMYD3
3314,3306,Q9H7P9,PLEKHG2
3315,3307,Q9H814,PHAX
3316,3308,Q9H8M5,CNNM2
3317,3309,Q9H8U3,ZFAND3
3318,3310,Q9H936,SLC25A22
3319,3311,Q9H9L3,ISG20L2
3320,3312,Q9H9Y6,POLR1B
3321,3313,Q9HAB3,SLC52A2
3322,3314,Q9HAS3,SLC28A3
3323,3315,Q9HAU0,PLEKHA5
3324,3316,Q9HAW0,BRF2
3325,3317,Q9HAW7,UGT1A7
3326,3318,Q9HAW8,UGT1A10
3327,3319,Q9HAW9,UGT1A8
3328,3320,Q9HAY6,BCO1
3329,3321,Q9HAZ1,CLK4
3330,3322,Q9HB03,ELOVL3
3331,3323,Q9HB19,PLEKHA2
3332,3324,Q9HB20,PLEKHA3
3333,3325,Q9HB21,PLEKHA1
3334,3326,Q9HB31,SEBOX
3335,3327,Q9HB55,CYP3A43
3336,3328,Q9HB58,SP110
3337,3329,Q9HB75,PIDD1
3338,3330,Q9HB90,RRAGC
3339,3331,Q9HBA0,TRPV4
3340,3332,Q9HBG4,ATP6V0A4
3341,3333,Q9HBH5,RDH14
3342,3334,Q9HBH9,MKNK2
3343,3335,Q9HBW1,LRRC4
3344,3336,Q9HBX8,LGR6
3345,3337,Q9HBX9,RXFP1
3346,3338,Q9HC29,NOD2
3347,3339,Q9HC35,EML4
3348,3340,Q9HC78,ZBTB20
3349,3341,Q9HC84,MUC5B
3350,3342,Q9HC97,GPR35
3351,3343,Q9HC98,NEK6
3352,3344,Q9HCC9,ZFYVE28
3353,3345,Q9HCE6,ARHGEF10L
3354,3346,Q9HCF6,TRPM3
3355,3347,Q9HCJ2,LRRC4C
3356,3348,Q9HCK8,CHD8
3357,3349,Q9HCM4,EPB41L5
3358,3350,Q9HCN2,TP53AIP1
3359,3351,Q9HCN6,GP6
3360,3352,Q9HCN8,SDF2L1
3361,3353,Q9HCS2,CYP4F12
3362,3354,Q9HCS5,EPB41L4A
3363,3355,Q9HCT0,FGF22
3364,3356,Q9HCU5,PREB
3365,3357,Q9HCU8,POLD4
3366,3358,Q9HCY8,S100A14
3367,3359,Q9HD26,GOPC
3368,3360,Q9HD89,RETN
3369,3361,Q9NNX6,CD209
3370,3362,Q9NP56,PDE7B
3371,3363,Q9NP60,IL1RAPL2
3372,3364,Q9NP66,HMG20A
3373,3365,Q9NP80,PNPLA8
3374,3366,Q9NP81,SARS2
3375,3367,Q9NP84,TNFRSF12A
3376,3368,Q9NP85,NPHS2
3377,3369,Q9NP87,POLM
3378,3370,Q9NP95,FGF20
3379,3371,Q9NP99,TREM1
3380,3372,Q9NPA1,KCNMB3
3381,3373,Q9NPA2,MMP25
3382,3374,Q9NPC2,KCNK9
3383,3375,Q9NPC4,A4GALT
3384,3376,Q9NPC6,MYOZ2
3385,3377,Q9NPD5,SLCO1B3
3386,3378,Q9NPZ5,B3GAT2
3387,3379,Q9NQ48,LZTFL1
3388,3380,Q9NQ87,HEYL
3389,3381,Q9NQA5,TRPV5
3390,3382,Q9NQB0,TCF7L2
3391,3383,Q9NQE7,PRSS16
3392,3384,Q9NQE9,HINT3
3393,3385,Q9NQG5,RPRD1B
3394,3386,Q9NQL2,RRAGD
3395,3387,Q9NQU5,PAK6
3396,3388,Q9NQX3,GPHN
3397,3389,Q9NR09,BIRC6
3398,3390,Q9NR20,DYRK4
3399,3391,Q9NR28,DIABLO
3400,3392,Q9NR33,POLE4
3401,3393,Q9NR63,CYP26B1
3402,3394,Q9NR82,KCNQ5
3403,3395,Q9NR96,TLR9
3404,3396,Q9NRF9,POLE3
3405,3397,Q9NRG1,PRTFDC1
3406,3398,Q9NRG4,SMYD2
3407,3399,Q9NRH2,SNRK
3408,3400,Q9NRI5,DISC1
3409,3401,Q9NRJ5,PAPOLB
3410,3402,Q9NRM0,SLC2A9
3411,3403,Q9NRM7,LATS2
3412,3404,Q9NRP7,STK36
3413,3405,Q9NRR6,INPP5E
3414,3406,Q9NRU3,CNNM1
3415,3407,Q9NRX3,NDUFA4L2
3416,3408,Q9NRY4,ARHGAP35
3417,3409,Q9NS15,LTBP3
3418,3410,Q9NS23,RASSF1
3419,3411,Q9NS40,KCNH7
3420,3412,Q9NS56,TOPORS
3421,3413,Q9NS68,TNFRSF19
3422,3414,Q9NS75,CYSLTR2
3423,3415,Q9NS82,SLC7A10
3424,3416,Q9NS85,CA10
3425,3417,Q9NSA0,SLC22A11
3426,3418,Q9NSA1,FGF21
3427,3419,Q9NSA2,KCND1
3428,3420,Q9NSB2,KRT84
3429,3421,Q9NSB4,KRT82
3430,3422,Q9NSD9,FARSB
3431,3423,Q9NSE2,CISH
3432,3424,Q9NST1,PNPLA3
3433,3425,Q9NSU2,TREX1
3434,3426,Q9NSY1,BMP2K
3435,3427,Q9NTX5,ECHDC1
3436,3428,Q9NUA8,ZBTB40
3437,3429,Q9NUN5,LMBRD1
3438,3430,Q9NUQ6,SPATS2L
3439,3431,Q9NUT2,ABCB8
3440,3432,Q9NVH6,TMLHE
3441,3433,Q9NVK5,FGFR1OP2
3442,3434,Q9NVN8,GNL3L
3443,3435,Q9NVS9,PNPO
3444,3436,Q9NVV9,THAP1
3445,3437,Q9NW13,RBM28
3446,3438,Q9NWT1,PAK1IP1
3447,3439,Q9NWT6,HIF1AN
3448,3440,Q9NWZ3,IRAK4
3449,3441,Q9NX62,BPNT2
3450,3442,Q9NX63,CHCHD3
3451,3443,Q9NX76,CMTM6
3452,3444,Q9NX95,SYBU
3453,3445,Q9NXB9,ELOVL2
3454,3446,Q9NXE4,SMPD4
3455,3447,Q9NXF8,ZDHHC7
3456,3448,Q9NXG6,P4HTM
3457,3449,Q9NXR8,ING3
3458,3450,Q9NXV2,KCTD5
3459,3451,Q9NY46,SCN3A
3460,3452,Q9NY47,CACNA2D2
3461,3453,Q9NY56,OBP2A
3462,3454,Q9NY59,SMPD3
3463,3455,Q9NY64,SLC2A8
3464,3456,Q9NY72,SCN3B
3465,3457,Q9NY97,B3GNT2
3466,3458,Q9NYA1,SPHK1
3467,3459,Q9NYB5,SLCO1C1
3468,3460,Q9NYI0,PSD3
3469,3461,Q9NYJ1,COA4
3470,3462,Q9NYK1,TLR7
3471,3463,Q9NYL2,MAP3K20
3472,3464,Q9NYP7,ELOVL5
3473,3465,Q9NYR8,RDH8
3474,3466,Q9NYR9,NKIRAS2
3475,3467,Q9NYS0,NKIRAS1
3476,3468,Q9NYV7,TAS2R16
3477,3469,Q9NYX4,CALY
3478,3470,Q9NYY3,PLK2
3479,3471,Q9NYY8,FASTKD2
3480,3472,Q9NYZ4,SIGLEC8
3481,3473,Q9NZ01,TECR
3482,3474,Q9NZ43,USE1
3483,3475,Q9NZ45,CISD1
3484,3476,Q9NZ94,NLGN3
3485,3477,Q9NZC2,TREM2
3486,3478,Q9NZC7,WWOX
3487,3479,Q9NZD4,AHSP
3488,3480,Q9NZD8,SPG21
3489,3481,Q9NZI8,IGF2BP1
3490,3482,Q9NZJ5,EIF2AK3
3491,3483,Q9NZL9,MAT2B
3492,3484,Q9NZM4,BICRA
3493,3485,Q9NZM5,NOP53
3494,3486,Q9NZN1,IL1RAPL1
3495,3487,Q9NZN5,ARHGEF12
3496,3488,Q9NZN9,AIPL1
3497,3489,Q9NZP8,C1RL
3498,3490,Q9NZQ3,NCKIPSD
3499,3491,Q9NZQ8,TRPM5
3500,3492,Q9NZR2,LRP1B
3501,3493,Q9NZR4,VSX1
3502,3494,Q9NZS2,KLRF1
3503,3495,Q9NZU0,FLRT3
3504,3496,Q9NZU1,FLRT1
3505,3497,Q9NZV1,CRIM1
3506,3498,Q9NZV6,MSRB1
3507,3499,Q9NZV8,KCND2
3508,3500,Q9P0J0,NDUFA13
3509,3501,Q9P0L2,MARK1
3510,3502,Q9P0W2,HMG20B
3511,3503,Q9P0X4,CACNA1I
3512,3504,Q9P1T7,MDFIC
3513,3505,Q9P1U0,POLR1H
3514,3506,Q9P212,PLCE1
3515,3507,Q9P219,CCDC88C
3516,3508,Q9P243,ZFAT
3517,3509,Q9P244,LRFN1
3518,3510,Q9P267,MBD5
3519,3511,Q9P286,PAK5
3520,3512,Q9P289,STK26
3521,3513,Q9P2D0,IBTK
3522,3514,Q9P2D1,CHD7
3523,3515,Q9P2K1,CC2D2A
3524,3516,Q9P2K8,EIF2AK4
3525,3517,Q9P2R3,ANKFY1
3526,3518,Q9P2W7,B3GAT1
3527,3519,Q9UBB5,MBD2
3528,3520,Q9UBC1,NFKBIL1
3529,3521,Q9UBD6,RHCG
3530,3522,Q9UBF8,PI4KB
3531,3523,Q9UBF9,MYOT
3532,3524,Q9UBK2,PPARGC1A
3533,3525,Q9UBK8,MTRR
3534,3526,Q9UBM7,DHCR7
3535,3527,Q9UBN1,CACNG4
3536,3528,Q9UBN4,TRPC4
3537,3529,Q9UBN6,TNFRSF10D
3538,3530,Q9UBN7,HDAC6
3539,3531,Q9UBP9,GULP1
3540,3532,Q9UBR4,LHX3
3541,3533,Q9UBS5,GABBR1
3542,3534,Q9UBT6,POLK
3543,3535,Q9UBU3,GHRL
3544,3536,Q9UBV8,PEF1
3545,3537,Q9UBX5,FBLN5
3546,3538,Q9UDR5,AASS
3547,3539,Q9UDT6,CLIP2
3548,3540,Q9UDX3,SEC14L4
3549,3541,Q9UDX4,SEC14L3
3550,3542,Q9UDY8,MALT1
3551,3543,Q9UE69,NA
3552,3544,Q9UEE5,STK17A
3553,3545,Q9UET6,FTSJ1
3554,3546,Q9UEU5,NA
3555,3547,Q9UEW8,STK39
3556,3548,Q9UF02,CACNG5
3557,3549,Q9UF11,PLEKHB1
3558,3550,Q9UF33,EPHA6
3559,3551,Q9UFE4,CCDC39_ENSG00000284862
3560,3552,Q9UG56,PISD
3561,3553,Q9UGC7,MTRF1L
3562,3554,Q9UGI0,ZRANB1
3563,3555,Q9UGI5,NA
3564,3556,Q9UGI6,KCNN3
3565,3557,Q9UGI9,PRKAG3
3566,3558,Q9UGJ0,PRKAG2
3567,3559,Q9UGM1,CHRNA9
3568,3560,Q9UGM6,WARS2
3569,3561,Q9UGN5,PARP2
3570,3562,Q9UGP5,POLL
3571,3563,Q9UGQ3,SLC2A6
3572,3564,Q9UH99,SUN2
3573,3565,Q9UHA3,RSL24D1
3574,3566,Q9UHB6,LIMA1
3575,3567,Q9UHC1,MLH3
3576,3568,Q9UHC6,CNTNAP2
3577,3569,Q9UHC9,NPC1L1
3578,3570,Q9UHD1,CHORDC1
3579,3571,Q9UHD2,TBK1
3580,3572,Q9UHD4,CIDEB
3581,3573,Q9UHD9,UBQLN2
3582,3574,Q9UHE8,STEAP1
3583,3575,Q9UHI5,SLC7A8
3584,3576,Q9UHI7,SLC23A1
3585,3577,Q9UHK0,NUFIP1
3586,3578,Q9UHK6,AMACR
3587,3579,Q9UHL9,GTF2IRD1
3588,3580,Q9UHN1,POLG2
3589,3581,Q9UHP6,RSPH14
3590,3582,Q9UHQ9,CYB5R1
3591,3583,Q9UHR6,ZNHIT2
3592,3584,Q9UHW9,SLC12A6
3593,3585,Q9UI09,NDUFA12
3594,3586,Q9UI32,GLS2
3595,3587,Q9UI33,SCN11A
3596,3588,Q9UIF7,MUTYH
3597,3589,Q9UIG8,SLCO3A1
3598,3590,Q9UIK4,DAPK2
3599,3591,Q9UIK5,TMEFF2
3600,3592,Q9UIL8,PHF11
3601,3593,Q9UIR0,BTNL2
3602,3594,Q9UIS9,MBD1
3603,3595,Q9UIV8,SERPINB13
3604,3596,Q9UJ68,MSRA
3605,3597,Q9UJG1,MOSPD1
3606,3598,Q9UJT0,TUBE1
3607,3599,Q9UJT1,TUBD1
3608,3600,Q9UJU2,LEF1
3609,3601,Q9UJX0,OSGIN1
3610,3602,Q9UK17,KCND3
3611,3603,Q9UK32,RPS6KA6
3612,3604,Q9UK53,ING1
3613,3605,Q9UK58,CCNL1
3614,3606,Q9UKD1,GMEB2
3615,3607,Q9UKE5,TNIK
3616,3608,Q9UKG9,CROT
3617,3609,Q9UKI8,TLK1
3618,3610,Q9UKJ5,CHIC2
3619,3611,Q9UKK3,PARP4
3620,3612,Q9UKL6,PCTP
3621,3613,Q9UKM7,MAN1B1
3622,3614,Q9UKQ2,ADAM28
3623,3615,Q9UKS6,PACSIN3
3624,3616,Q9UKU6,TRHDE
3625,3617,Q9UKU7,ACAD8
3626,3618,Q9UKV0,HDAC9
3627,3619,Q9UL16,CFAP45
3628,3620,Q9UL33,TRAPPC2L
3629,3621,Q9UL51,HCN2
3630,3622,Q9UL54,TAOK2
3631,3623,Q9UL62,TRPC5
3632,3624,Q9ULA0,DNPEP
3633,3625,Q9ULC8,ZDHHC8
3634,3626,Q9ULH4,LRFN2
3635,3627,Q9ULI2,RIMKLB
3636,3628,Q9ULK0,GRID1
3637,3629,Q9ULK4,MED23
3638,3630,Q9ULL8,SHROOM4
3639,3631,Q9ULU8,CADPS
3640,3632,Q9ULV0,MYO5B
3641,3633,Q9ULV5,HSF4
3642,3634,Q9ULX7,CA14
3643,3635,Q9ULZ3,PYCARD
3644,3636,Q9UM01,SLC7A7
3645,3637,Q9UM07,PADI4
3646,3638,Q9UM21,MGAT4A
3647,3639,Q9UM63,PLAGL1
3648,3640,Q9UM73,ALK
3649,3641,Q9UMD9,COL17A1
3650,3642,Q9UMZ2,SYNRG
3651,3643,Q9UN76,SLC6A14
3652,3644,Q9UN88,GABRQ
3653,3645,Q9UNA4,POLI
3654,3646,Q9UNE7,STUB1
3655,3647,Q9UNF0,PACSIN2
3656,3648,Q9UNG2,TNFSF18
3657,3649,Q9UNL4,ING4
3658,3650,Q9UNN8,PROCR
3659,3651,Q9UNQ0,ABCG2
3660,3652,Q9UP95,SLC12A4
3661,3653,Q9UPN9,TRIM33
3662,3654,Q9UPP2,IQSEC3
3663,3655,Q9UPQ7,PDZRN3
3664,3656,Q9UPS8,ANKRD26
3665,3657,Q9UPT6,MAPK8IP3
3666,3658,Q9UPW6,SATB2
3667,3659,Q9UPX8,SHANK2
3668,3660,Q9UPY5,SLC7A11
3669,3661,Q9UPY8,MAPRE3
3670,3662,Q9UPZ9,CILK1
3671,3663,Q9UQ13,SHOC2
3672,3664,Q9UQ53,MGAT4B
3673,3665,Q9UQB9,AURKC
3674,3666,Q9UQD0,SCN8A
3675,3667,Q9UQF2,MAPK8IP1
3676,3668,Q9UQM7,CAMK2A
3677,3669,Q9UQN3,CHMP2B
3678,3670,Q9UQQ1,NAALADL1
3679,3671,Q9UQQ2,SH2B3
3680,3672,Q9Y210,TRPC6
3681,3673,Q9Y222,DMTF1
3682,3674,Q9Y233,PDE10A
3683,3675,Q9Y239,NOD1
3684,3676,Q9Y251,HPSE
3685,3677,Q9Y252,RNF6
3686,3678,Q9Y253,POLH
3687,3679,Q9Y257,KCNK6
3688,3680,Q9Y259,CHKB
3689,3681,Q9Y271,CYSLTR1
3690,3682,Q9Y275,TNFSF13B
3691,3683,Q9Y279,VSIG4
3692,3684,Q9Y285,FARSA
3693,3685,Q9Y286,SIGLEC7
3694,3686,Q9Y295,DRG1
3695,3687,Q9Y297,BTRC
3696,3688,Q9Y2A9,B3GNT3
3697,3689,Q9Y2B9,PKIG
3698,3690,Q9Y2D0,CA5B
3699,3691,Q9Y2G2,CARD8
3700,3692,Q9Y2G4,ANKRD6
3701,3693,Q9Y2H1,STK38L
3702,3694,Q9Y2H5,PLEKHA6
3703,3695,Q9Y2H9,MAST1
3704,3696,Q9Y2I1,NISCH
3705,3697,Q9Y2J2,EPB41L3
3706,3698,Q9Y2K2,SIK3
3707,3699,Q9Y2Q0,ATP8A1
3708,3700,Q9Y2R2,PTPN22
3709,3701,Q9Y2T1,AXIN2
3710,3702,Q9Y2T6,GPR55
3711,3703,Q9Y2U5,MAP3K2
3712,3704,Q9Y2X7,GIT1
3713,3705,Q9Y2Y4,ZBTB32
3714,3706,Q9Y2Z4,YARS2
3715,3707,Q9Y334,VWA7
3716,3708,Q9Y336,SIGLEC9
3717,3709,Q9Y397,ZDHHC9
3718,3710,Q9Y3D2,MSRB2
3719,3711,Q9Y3I1,FBXO7
3720,3712,Q9Y3R4,NEU2
3721,3713,Q9Y3S1,WNK2
3722,3714,Q9Y462,ZNF711
3723,3715,Q9Y463,DYRK1B
3724,3716,Q9Y478,PRKAB1
3725,3717,Q9Y4G2,PLEKHM1
3726,3718,Q9Y4H2,IRS2
3727,3719,Q9Y4K4,MAP4K5
3728,3720,Q9Y4R7,TTLL3
3729,3721,Q9Y4U1,MMACHC
3730,3722,Q9Y4Z2,NEUROG3
3731,3723,Q9Y574,ASB4
3732,3724,Q9Y575,ASB3
3733,3725,Q9Y576,ASB1
3734,3726,Q9Y597,KCTD3
3735,3727,Q9Y5A6,ZSCAN21
3736,3728,Q9Y5A7,NUB1
3737,3729,Q9Y5B9,SUPT16H
3738,3730,Q9Y5I7,CLDN16
3739,3731,Q9Y5K6,CD2AP
3740,3732,Q9Y5N1,HRH3
3741,3733,Q9Y5P4,CERT1
3742,3734,Q9Y5S1,TRPV2
3743,3735,Q9Y5U2,TSSC4
3744,3736,Q9Y5U5,TNFRSF18
3745,3737,Q9Y5U9,IER3IP1
3746,3738,Q9Y5Y4,PTGDR2
3747,3739,Q9Y5Y9,SCN10A
3748,3740,Q9Y5Z0,BACE2
3749,3741,Q9Y5Z9,UBIAD1
3750,3742,Q9Y613,FHOD1
3751,3743,Q9Y616,IRAK3
3752,3744,Q9Y617,PSAT1
3753,3745,Q9Y620,RAD54B
3754,3746,Q9Y646,CPQ
3755,3747,Q9Y691,KCNMB2
3756,3748,Q9Y692,GMEB1
3757,3749,Q9Y694,SLC22A7
3758,3750,Q9Y698,CACNG2
3759,3751,Q9Y6D9,MAD1L1
3760,3752,Q9Y6E0,STK24
3761,3753,Q9Y6F1,PARP3
3762,3754,Q9Y6H8,GJA3
3763,3755,Q9Y6I7,WSB1
3764,3756,Q9Y6J6,KCNE2
3765,3757,Q9Y6K9,IKBKG
3766,3758,Q9Y6L6,SLCO1B1
3767,3759,Q9Y6M0,PRSS21
3768,3760,Q9Y6M1,IGF2BP2
3769,3761,Q9Y6M7,SLC4A7
3770,3762,Q9Y6M9,NDUFB9
3771,3763,Q9Y6Q6,TNFRSF11A
3772,3764,Q9Y6R0,NUMBL
3773,3765,Q9Y6R1,SLC4A4
3774,3766,Q9Y6R4,MAP3K4
3775,3767,Q9Y6W8,ICOS
3776,3768,Q9Y6Y0,IVNS1ABP
3777,3769,Q9Y6Y9,LY96
