disease_id,disease_name
0,MIM102578
1,MIM102670
2,MIM103580
3,MIM103780
4,MIM104225
5,MIM104300
6,MIM104310
7,MIM104615
8,MIM104775
9,MIM104776
10,MIM105120
11,MIM105200
12,MIM105210
13,MIM105250
14,MIM105400
15,MIM105500
16,MIM105550
17,MIM105590
18,MIM106100
19,MIM106165
20,MIM106180
21,MIM107450
22,MIM107470
23,MIM107670
24,MIM107680
25,MIM107690
26,MIM107710
27,MIM107730
28,MIM107740
29,MIM107741
30,MIM107760
31,MIM107770
32,MIM107930
33,MIM108355
34,MIM108900
35,MIM109545
36,MIM109565
37,MIM109770
38,MIM109800
39,MIM111690
40,MIM111730
41,MIM113811
42,MIM114078
43,MIM114085
44,MIM114204
45,MIM114205
46,MIM114206
47,MIM114207
48,MIM114208
49,MIM114209
50,MIM114480
51,MIM114500
52,MIM114550
53,MIM114890
54,MIM115195
55,MIM115196
56,MIM115197
57,MIM115210
58,MIM115700
59,MIM116200
60,MIM116700
61,MIM116800
62,MIM116899
63,MIM116940
64,MIM116953
65,MIM118300
66,MIM118700
67,MIM120070
68,MIM120090
69,MIM120110
70,MIM120120
71,MIM120130
72,MIM120131
73,MIM120140
74,MIM120150
75,MIM120160
76,MIM120165
77,MIM120180
78,MIM120190
79,MIM120210
80,MIM120215
81,MIM120216
82,MIM120220
83,MIM120240
84,MIM120250
85,MIM120251
86,MIM120252
87,MIM120260
88,MIM120270
89,MIM120280
90,MIM120290
91,MIM120320
92,MIM120324
93,MIM120325
94,MIM120326
95,MIM120328
96,MIM120350
97,MIM120420
98,MIM121200
99,MIM121201
100,MIM122559
101,MIM123805
102,MIM123810
103,MIM123828
104,MIM123829
105,MIM123831
106,MIM123832
107,MIM123833
108,MIM123834
109,MIM123835
110,MIM123836
111,MIM123837
112,MIM123838
113,MIM123940
114,MIM124097
115,MIM125700
116,MIM125800
117,MIM125853
118,MIM126150
119,MIM126200
120,MIM126335
121,MIM127750
122,MIM128100
123,MIM128230
124,MIM128235
125,MIM130160
126,MIM131220
127,MIM131235
128,MIM131240
129,MIM131241
130,MIM131242
131,MIM131243
132,MIM131244
133,MIM131440
134,MIM131530
135,MIM131550
136,MIM132000
137,MIM132900
138,MIM133170
139,MIM133239
140,MIM133430
141,MIM134610
142,MIM134637
143,MIM134638
144,MIM134820
145,MIM134830
146,MIM134850
147,MIM134920
148,MIM134921
149,MIM134934
150,MIM134935
151,MIM135300
152,MIM136350
153,MIM137140
154,MIM137141
155,MIM137142
156,MIM137143
157,MIM137160
158,MIM137161
159,MIM137162
160,MIM137163
161,MIM137164
162,MIM137166
163,MIM137190
164,MIM137192
165,MIM137207
166,MIM137215
167,MIM137245
168,MIM138700
169,MIM138720
170,MIM138850
171,MIM138960
172,MIM138970
173,MIM138981
174,MIM139190
175,MIM139240
176,MIM139250
177,MIM139350
178,MIM141500
179,MIM142200
180,MIM142230
181,MIM142250
182,MIM142461
183,MIM142610
184,MIM142695
185,MIM142703
186,MIM142705
187,MIM143024
188,MIM143054
189,MIM143055
190,MIM143089
191,MIM143100
192,MIM143465
193,MIM143880
194,MIM143890
195,MIM144010
196,MIM144250
197,MIM144700
198,MIM145000
199,MIM145001
200,MIM145500
201,MIM145505
202,MIM145600
203,MIM145750
204,MIM146200
205,MIM146255
206,MIM146520
207,MIM146730
208,MIM146731
209,MIM146732
210,MIM146733
211,MIM146734
212,MIM146735
213,MIM147183
214,MIM147265
215,MIM147267
216,MIM147280
217,MIM147370
218,MIM147521
219,MIM147522
220,MIM147553
221,MIM147562
222,MIM147564
223,MIM147565
224,MIM147566
225,MIM147567
226,MIM147568
227,MIM147569
228,MIM147570
229,MIM147577
230,MIM147578
231,MIM147579
232,MIM147580
233,MIM147582
234,MIM147583
235,MIM147584
236,MIM147640
237,MIM147650
238,MIM147660
239,MIM147700
240,MIM148000
241,MIM148020
242,MIM148030
243,MIM148040
244,MIM148041
245,MIM148042
246,MIM148043
247,MIM148059
248,MIM148060
249,MIM148065
250,MIM148066
251,MIM148067
252,MIM148069
253,MIM148070
254,MIM148080
255,MIM148180
256,MIM148190
257,MIM150390
258,MIM151290
259,MIM151600
260,MIM151660
261,MIM152200
262,MIM152700
263,MIM152760
264,MIM152780
265,MIM153243
266,MIM153390
267,MIM153800
268,MIM154020
269,MIM154030
270,MIM154790
271,MIM155601
272,MIM156240
273,MIM156535
274,MIM157129
275,MIM157130
276,MIM157132
277,MIM157300
278,MIM159000
279,MIM159001
280,MIM159553
281,MIM159555
282,MIM159950
283,MIM160995
284,MIM161400
285,MIM161555
286,MIM161565
287,MIM162060
288,MIM162400
289,MIM162500
290,MIM163910
291,MIM163920
292,MIM163980
293,MIM164008
294,MIM164013
295,MIM164230
296,MIM164950
297,MIM164980
298,MIM165120
299,MIM165190
300,MIM165260
301,MIM166710
302,MIM167000
303,MIM167320
304,MIM167405
305,MIM167800
306,MIM168450
307,MIM168461
308,MIM168600
309,MIM168601
310,MIM170400
311,MIM170650
312,MIM171300
313,MIM171885
314,MIM171890
315,MIM171891
316,MIM173410
317,MIM173445
318,MIM173490
319,MIM173511
320,MIM173515
321,MIM173870
322,MIM174760
323,MIM174761
324,MIM174762
325,MIM174763
326,MIM176000
327,MIM176290
328,MIM176300
329,MIM176310
330,MIM176311
331,MIM176312
332,MIM176400
333,MIM176410
334,MIM176730
335,MIM176760
336,MIM176797
337,MIM176807
338,MIM176871
339,MIM176880
340,MIM176892
341,MIM176893
342,MIM176894
343,MIM176895
344,MIM176910
345,MIM176911
346,MIM176912
347,MIM176920
348,MIM176941
349,MIM176943
350,MIM176960
351,MIM176970
352,MIM176975
353,MIM176977
354,MIM176980
355,MIM176982
356,MIM177000
357,MIM177061
358,MIM177070
359,MIM178500
360,MIM178620
361,MIM178630
362,MIM178635
363,MIM178640
364,MIM178642
365,MIM179755
366,MIM179800
367,MIM180071
368,MIM180072
369,MIM180073
370,MIM180200
371,MIM180201
372,MIM180300
373,MIM180660
374,MIM180661
375,MIM180662
376,MIM180663
377,MIM180664
378,MIM181000
379,MIM181031
380,MIM181500
381,MIM182000
382,MIM182099
383,MIM182450
384,MIM182451
385,MIM182452
386,MIM182453
387,MIM182454
388,MIM182455
389,MIM182940
390,MIM186711
391,MIM186770
392,MIM186855
393,MIM186980
394,MIM187040
395,MIM187950
396,MIM188470
397,MIM188540
398,MIM188550
399,MIM188830
400,MIM190181
401,MIM190182
402,MIM190300
403,MIM190685
404,MIM191070
405,MIM191161
406,MIM191163
407,MIM191170
408,MIM191190
409,MIM191191
410,MIM191305
411,MIM191315
412,MIM191316
413,MIM191317
414,MIM191318
415,MIM191321
416,MIM191330
417,MIM192315
418,MIM192500
419,MIM192600
420,MIM192605
421,MIM192977
422,MIM193400
423,MIM194070
424,MIM194072
425,MIM194470
426,MIM194540
427,MIM194541
428,MIM200100
429,MIM201300
430,MIM201910
431,MIM202010
432,MIM202110
433,MIM202700
434,MIM205100
435,MIM206100
436,MIM206800
437,MIM209850
438,MIM211600
439,MIM211980
440,MIM212050
441,MIM212112
442,MIM212140
443,MIM214100
444,MIM214700
445,MIM218000
446,MIM218700
447,MIM219080
448,MIM219700
449,MIM219750
450,MIM219800
451,MIM219900
452,MIM221750
453,MIM222100
454,MIM223900
455,MIM224100
456,MIM224120
457,MIM225250
458,MIM226670
459,MIM227300
460,MIM228600
461,MIM228960
462,MIM230800
463,MIM230900
464,MIM231000
465,MIM231005
466,MIM231300
467,MIM231670
468,MIM231680
469,MIM235700
470,MIM236000
471,MIM236200
472,MIM236270
473,MIM237310
474,MIM239000
475,MIM239200
476,MIM240500
477,MIM240800
478,MIM241850
479,MIM243300
480,MIM245349
481,MIM246300
482,MIM248190
483,MIM248250
484,MIM248611
485,MIM248900
486,MIM249100
487,MIM249500
488,MIM250790
489,MIM251000
490,MIM251850
491,MIM253600
492,MIM253601
493,MIM253700
494,MIM254110
495,MIM254210
496,MIM254450
497,MIM254770
498,MIM254900
499,MIM256300
500,MIM256370
501,MIM257200
502,MIM257220
503,MIM260300
504,MIM260540
505,MIM261600
506,MIM262600
507,MIM262700
508,MIM263300
509,MIM263700
510,MIM264300
511,MIM266100
512,MIM266200
513,MIM267300
514,MIM268210
515,MIM268220
516,MIM269700
517,MIM270420
518,MIM273750
519,MIM275100
520,MIM275355
521,MIM276000
522,MIM276600
523,MIM276700
524,MIM276710
525,MIM277440
526,MIM277460
527,MIM277480
528,MIM277900
529,MIM300034
530,MIM300055
531,MIM300070
532,MIM300083
533,MIM300084
534,MIM300089
535,MIM300093
536,MIM300102
537,MIM300110
538,MIM300120
539,MIM300123
540,MIM300133
541,MIM300143
542,MIM300172
543,MIM300178
544,MIM300190
545,MIM300192
546,MIM300206
547,MIM300210
548,MIM300220
549,MIM300243
550,MIM300248
551,MIM300275
552,MIM300277
553,MIM300299
554,MIM300306
555,MIM300317
556,MIM300329
557,MIM300334
558,MIM300335
559,MIM300349
560,MIM300353
561,MIM300354
562,MIM300358
563,MIM300361
564,MIM300367
565,MIM300374
566,MIM300377
567,MIM300387
568,MIM300392
569,MIM300411
570,MIM300419
571,MIM300423
572,MIM300425
573,MIM300434
574,MIM300436
575,MIM300437
576,MIM300443
577,MIM300456
578,MIM300486
579,MIM300491
580,MIM300495
581,MIM300496
582,MIM300498
583,MIM300522
584,MIM300534
585,MIM300542
586,MIM300558
587,MIM300576
588,MIM300577
589,MIM300594
590,MIM300595
591,MIM300597
592,MIM300598
593,MIM300599
594,MIM300601
595,MIM300620
596,MIM300625
597,MIM300626
598,MIM300630
599,MIM300638
600,MIM300644
601,MIM300646
602,MIM300659
603,MIM300673
604,MIM300674
605,MIM300676
606,MIM300684
607,MIM300685
608,MIM300699
609,MIM300701
610,MIM300705
611,MIM300706
612,MIM300716
613,MIM300720
614,MIM300725
615,MIM300726
616,MIM300734
617,MIM300735
618,MIM300736
619,MIM300747
620,MIM300749
621,MIM300751
622,MIM300752
623,MIM300753
624,MIM300799
625,MIM300802
626,MIM300803
627,MIM300827
628,MIM300834
629,MIM300835
630,MIM300838
631,MIM300844
632,MIM300847
633,MIM300848
634,MIM300849
635,MIM300850
636,MIM300851
637,MIM300852
638,MIM300853
639,MIM300854
640,MIM300857
641,MIM300859
642,MIM300860
643,MIM300868
644,MIM300873
645,MIM300879
646,MIM301310
647,MIM301500
648,MIM302045
649,MIM303630
650,MIM303631
651,MIM304800
652,MIM305660
653,MIM306480
654,MIM306900
655,MIM308050
656,MIM308990
657,MIM309541
658,MIM309548
659,MIM309549
660,MIM309583
661,MIM310200
662,MIM310468
663,MIM311030
664,MIM312040
665,MIM312820
666,MIM313900
667,MIM314250
668,MIM400025
669,MIM425000
670,MIM600001
671,MIM600003
672,MIM600007
673,MIM600010
674,MIM600044
675,MIM600051
676,MIM600073
677,MIM600116
678,MIM600126
679,MIM600127
680,MIM600128
681,MIM600129
682,MIM600144
683,MIM600160
684,MIM600164
685,MIM600167
686,MIM600169
687,MIM600178
688,MIM600182
689,MIM600194
690,MIM600206
691,MIM600214
692,MIM600222
693,MIM600227
694,MIM600232
695,MIM600233
696,MIM600315
697,MIM600320
698,MIM600387
699,MIM600410
700,MIM600431
701,MIM600439
702,MIM600448
703,MIM600456
704,MIM600473
705,MIM600483
706,MIM600497
707,MIM600512
708,MIM600513
709,MIM600524
710,MIM600534
711,MIM600539
712,MIM600574
713,MIM600591
714,MIM600630
715,MIM600646
716,MIM600700
717,MIM600742
718,MIM600745
719,MIM600763
720,MIM600778
721,MIM600803
722,MIM600807
723,MIM600815
724,MIM600823
725,MIM600827
726,MIM600837
727,MIM600850
728,MIM600855
729,MIM600856
730,MIM600858
731,MIM600881
732,MIM600899
733,MIM600921
734,MIM600924
735,MIM600927
736,MIM600928
737,MIM600946
738,MIM600995
739,MIM601011
740,MIM601012
741,MIM601013
742,MIM601022
743,MIM601032
744,MIM601066
745,MIM601077
746,MIM601078
747,MIM601080
748,MIM601104
749,MIM601148
750,MIM601149
751,MIM601154
752,MIM601189
753,MIM601190
754,MIM601199
755,MIM601242
756,MIM601261
757,MIM601265
758,MIM601269
759,MIM601286
760,MIM601287
761,MIM601296
762,MIM601306
763,MIM601314
764,MIM601333
765,MIM601367
766,MIM601388
767,MIM601399
768,MIM601410
769,MIM601444
770,MIM601462
771,MIM601487
772,MIM601489
773,MIM601494
774,MIM601513
775,MIM601514
776,MIM601515
777,MIM601518
778,MIM601522
779,MIM601523
780,MIM601524
781,MIM601542
782,MIM601547
783,MIM601548
784,MIM601553
785,MIM601558
786,MIM601564
787,MIM601566
788,MIM601578
789,MIM601583
790,MIM601591
791,MIM601626
792,MIM601634
793,MIM601639
794,MIM601663
795,MIM601665
796,MIM601687
797,MIM601697
798,MIM601702
799,MIM601712
800,MIM601721
801,MIM601774
802,MIM601778
803,MIM601783
804,MIM601799
805,MIM601838
806,MIM601844
807,MIM601847
808,MIM601872
809,MIM601873
810,MIM601884
811,MIM601885
812,MIM601887
813,MIM601916
814,MIM601925
815,MIM601928
816,MIM601939
817,MIM601949
818,MIM601953
819,MIM601954
820,MIM601955
821,MIM601958
822,MIM601959
823,MIM601965
824,MIM601974
825,MIM601977
826,MIM601985
827,MIM601989
828,MIM602000
829,MIM602013
830,MIM602014
831,MIM602025
832,MIM602033
833,MIM602047
834,MIM602052
835,MIM602058
836,MIM602075
837,MIM602076
838,MIM602089
839,MIM602090
840,MIM602091
841,MIM602102
842,MIM602115
843,MIM602118
844,MIM602119
845,MIM602120
846,MIM602123
847,MIM602149
848,MIM602153
849,MIM602209
850,MIM602223
851,MIM602224
852,MIM602225
853,MIM602230
854,MIM602250
855,MIM602260
856,MIM602281
857,MIM602327
858,MIM602330
859,MIM602332
860,MIM602336
861,MIM602337
862,MIM602343
863,MIM602345
864,MIM602347
865,MIM602348
866,MIM602352
867,MIM602370
868,MIM602376
869,MIM602410
870,MIM602414
871,MIM602421
872,MIM602426
873,MIM602433
874,MIM602436
875,MIM602441
876,MIM602473
877,MIM602474
878,MIM602481
879,MIM602491
880,MIM602503
881,MIM602541
882,MIM602549
883,MIM602550
884,MIM602567
885,MIM602600
886,MIM602601
887,MIM602615
888,MIM602616
889,MIM602629
890,MIM602630
891,MIM602640
892,MIM602642
893,MIM602643
894,MIM602649
895,MIM602658
896,MIM602669
897,MIM602670
898,MIM602676
899,MIM602695
900,MIM602709
901,MIM602710
902,MIM602711
903,MIM602712
904,MIM602722
905,MIM602729
906,MIM602739
907,MIM602740
908,MIM602741
909,MIM602742
910,MIM602743
911,MIM602746
912,MIM602752
913,MIM602755
914,MIM602760
915,MIM602763
916,MIM602764
917,MIM602765
918,MIM602766
919,MIM602767
920,MIM602777
921,MIM602840
922,MIM602843
923,MIM602844
924,MIM602867
925,MIM602879
926,MIM602890
927,MIM602891
928,MIM602892
929,MIM602893
930,MIM602894
931,MIM602911
932,MIM602929
933,MIM602938
934,MIM602947
935,MIM602972
936,MIM602973
937,MIM602977
938,MIM602980
939,MIM602981
940,MIM602986
941,MIM602987
942,MIM603024
943,MIM603025
944,MIM603075
945,MIM603094
946,MIM603108
947,MIM603112
948,MIM603114
949,MIM603159
950,MIM603184
951,MIM603197
952,MIM603198
953,MIM603203
954,MIM603218
955,MIM603233
956,MIM603251
957,MIM603258
958,MIM603265
959,MIM603277
960,MIM603278
961,MIM603300
962,MIM603309
963,MIM603310
964,MIM603316
965,MIM603352
966,MIM603361
967,MIM603366
968,MIM603368
969,MIM603369
970,MIM603373
971,MIM603379
972,MIM603390
973,MIM603398
974,MIM603399
975,MIM603400
976,MIM603413
977,MIM603419
978,MIM603421
979,MIM603424
980,MIM603426
981,MIM603427
982,MIM603432
983,MIM603444
984,MIM603460
985,MIM603464
986,MIM603473
987,MIM603476
988,MIM603482
989,MIM603483
990,MIM603496
991,MIM603497
992,MIM603499
993,MIM603500
994,MIM603506
995,MIM603507
996,MIM603513
997,MIM603518
998,MIM603519
999,MIM603524
1000,MIM603536
1001,MIM603540
1002,MIM603544
1003,MIM603547
1004,MIM603555
1005,MIM603573
1006,MIM603574
1007,MIM603576
1008,MIM603584
1009,MIM603593
1010,MIM603594
1011,MIM603598
1012,MIM603599
1013,MIM603611
1014,MIM603612
1015,MIM603613
1016,MIM603614
1017,MIM603616
1018,MIM603651
1019,MIM603652
1020,MIM603698
1021,MIM603722
1022,MIM603725
1023,MIM603726
1024,MIM603728
1025,MIM603743
1026,MIM603749
1027,MIM603751
1028,MIM603752
1029,MIM603764
1030,MIM603775
1031,MIM603776
1032,MIM603784
1033,MIM603795
1034,MIM603813
1035,MIM603829
1036,MIM603830
1037,MIM603852
1038,MIM603862
1039,MIM603875
1040,MIM603891
1041,MIM603892
1042,MIM603898
1043,MIM603903
1044,MIM603905
1045,MIM603952
1046,MIM603956
1047,MIM603965
1048,MIM603968
1049,MIM603969
1050,MIM603978
1051,MIM604002
1052,MIM604018
1053,MIM604019
1054,MIM604026
1055,MIM604027
1056,MIM604032
1057,MIM604036
1058,MIM604043
1059,MIM604044
1060,MIM604052
1061,MIM604065
1062,MIM604084
1063,MIM604088
1064,MIM604108
1065,MIM604130
1066,MIM604142
1067,MIM604144
1068,MIM604145
1069,MIM604150
1070,MIM604200
1071,MIM604215
1072,MIM604218
1073,MIM604219
1074,MIM604220
1075,MIM604223
1076,MIM604224
1077,MIM604225
1078,MIM604226
1079,MIM604227
1080,MIM604233
1081,MIM604235
1082,MIM604240
1083,MIM604252
1084,MIM604262
1085,MIM604266
1086,MIM604267
1087,MIM604268
1088,MIM604270
1089,MIM604278
1090,MIM604286
1091,MIM604308
1092,MIM604318
1093,MIM604333
1094,MIM604353
1095,MIM604354
1096,MIM604370
1097,MIM604375
1098,MIM604379
1099,MIM604392
1100,MIM604405
1101,MIM604407
1102,MIM604409
1103,MIM604410
1104,MIM604414
1105,MIM604415
1106,MIM604419
1107,MIM604428
1108,MIM604429
1109,MIM604440
1110,MIM604441
1111,MIM604445
1112,MIM604472
1113,MIM604495
1114,MIM604496
1115,MIM604497
1116,MIM604500
1117,MIM604502
1118,MIM604517
1119,MIM604520
1120,MIM604525
1121,MIM604526
1122,MIM604540
1123,MIM604541
1124,MIM604542
1125,MIM604546
1126,MIM604548
1127,MIM604553
1128,MIM604554
1129,MIM604556
1130,MIM604561
1131,MIM604567
1132,MIM604568
1133,MIM604575
1134,MIM604584
1135,MIM604587
1136,MIM604588
1137,MIM604600
1138,MIM604621
1139,MIM604623
1140,MIM604633
1141,MIM604641
1142,MIM604645
1143,MIM604667
1144,MIM604677
1145,MIM604699
1146,MIM604710
1147,MIM604761
1148,MIM604765
1149,MIM604772
1150,MIM604775
1151,MIM604806
1152,MIM604807
1153,MIM604808
1154,MIM604860
1155,MIM604861
1156,MIM604874
1157,MIM604884
1158,MIM604903
1159,MIM604904
1160,MIM604905
1161,MIM604906
1162,MIM604907
1163,MIM604924
1164,MIM604932
1165,MIM604936
1166,MIM604937
1167,MIM604938
1168,MIM604945
1169,MIM604946
1170,MIM604947
1171,MIM604948
1172,MIM604949
1173,MIM604952
1174,MIM604953
1175,MIM604954
1176,MIM604955
1177,MIM604956
1178,MIM604960
1179,MIM604976
1180,MIM604983
1181,MIM605006
1182,MIM605012
1183,MIM605027
1184,MIM605029
1185,MIM605048
1186,MIM605069
1187,MIM605074
1188,MIM605076
1189,MIM605082
1190,MIM605084
1191,MIM605085
1192,MIM605086
1193,MIM605094
1194,MIM605111
1195,MIM605115
1196,MIM605146
1197,MIM605152
1198,MIM605162
1199,MIM605198
1200,MIM605219
1201,MIM605227
1202,MIM605232
1203,MIM605247
1204,MIM605252
1205,MIM605277
1206,MIM605305
1207,MIM605324
1208,MIM605331
1209,MIM605362
1210,MIM605368
1211,MIM605375
1212,MIM605380
1213,MIM605387
1214,MIM605389
1215,MIM605392
1216,MIM605395
1217,MIM605401
1218,MIM605406
1219,MIM605426
1220,MIM605427
1221,MIM605431
1222,MIM605435
1223,MIM605437
1224,MIM605462
1225,MIM605478
1226,MIM605479
1227,MIM605489
1228,MIM605490
1229,MIM605512
1230,MIM605517
1231,MIM605521
1232,MIM605534
1233,MIM605535
1234,MIM605540
1235,MIM605546
1236,MIM605553
1237,MIM605555
1238,MIM605558
1239,MIM605581
1240,MIM605587
1241,MIM605614
1242,MIM605638
1243,MIM605639
1244,MIM605640
1245,MIM605641
1246,MIM605650
1247,MIM605663
1248,MIM605668
1249,MIM605676
1250,MIM605690
1251,MIM605691
1252,MIM605692
1253,MIM605709
1254,MIM605732
1255,MIM605734
1256,MIM605736
1257,MIM605737
1258,MIM605747
1259,MIM605748
1260,MIM605758
1261,MIM605759
1262,MIM605760
1263,MIM605761
1264,MIM605772
1265,MIM605788
1266,MIM605789
1267,MIM605803
1268,MIM605816
1269,MIM605830
1270,MIM605831
1271,MIM605843
1272,MIM605858
1273,MIM605859
1274,MIM605863
1275,MIM605864
1276,MIM605878
1277,MIM605895
1278,MIM605909
1279,MIM605911
1280,MIM605914
1281,MIM605941
1282,MIM605956
1283,MIM605976
1284,MIM605979
1285,MIM605980
1286,MIM605990
1287,MIM606011
1288,MIM606017
1289,MIM606018
1290,MIM606023
1291,MIM606025
1292,MIM606033
1293,MIM606059
1294,MIM606091
1295,MIM606094
1296,MIM606119
1297,MIM606121
1298,MIM606122
1299,MIM606137
1300,MIM606138
1301,MIM606176
1302,MIM606182
1303,MIM606185
1304,MIM606189
1305,MIM606194
1306,MIM606219
1307,MIM606236
1308,MIM606237
1309,MIM606249
1310,MIM606252
1311,MIM606269
1312,MIM606280
1313,MIM606324
1314,MIM606343
1315,MIM606344
1316,MIM606353
1317,MIM606358
1318,MIM606368
1319,MIM606374
1320,MIM606384
1321,MIM606393
1322,MIM606395
1323,MIM606399
1324,MIM606403
1325,MIM606404
1326,MIM606405
1327,MIM606408
1328,MIM606438
1329,MIM606443
1330,MIM606457
1331,MIM606466
1332,MIM606476
1333,MIM606485
1334,MIM606512
1335,MIM606513
1336,MIM606564
1337,MIM606568
1338,MIM606579
1339,MIM606600
1340,MIM606614
1341,MIM606615
1342,MIM606635
1343,MIM606649
1344,MIM606653
1345,MIM606654
1346,MIM606655
1347,MIM606667
1348,MIM606671
1349,MIM606672
1350,MIM606676
1351,MIM606678
1352,MIM606679
1353,MIM606680
1354,MIM606685
1355,MIM606703
1356,MIM606709
1357,MIM606724
1358,MIM606728
1359,MIM606764
1360,MIM606788
1361,MIM606792
1362,MIM606799
1363,MIM606809
1364,MIM606838
1365,MIM606841
1366,MIM606845
1367,MIM606846
1368,MIM606848
1369,MIM606856
1370,MIM606863
1371,MIM606881
1372,MIM606898
1373,MIM606899
1374,MIM606900
1375,MIM606907
1376,MIM606914
1377,MIM606936
1378,MIM606950
1379,MIM606951
1380,MIM606963
1381,MIM606994
1382,MIM606997
1383,MIM607009
1384,MIM607013
1385,MIM607019
1386,MIM607020
1387,MIM607022
1388,MIM607060
1389,MIM607066
1390,MIM607068
1391,MIM607070
1392,MIM607074
1393,MIM607076
1394,MIM607077
1395,MIM607082
1396,MIM607133
1397,MIM607137
1398,MIM607138
1399,MIM607157
1400,MIM607169
1401,MIM607170
1402,MIM607171
1403,MIM607180
1404,MIM607207
1405,MIM607209
1406,MIM607210
1407,MIM607211
1408,MIM607212
1409,MIM607223
1410,MIM607227
1411,MIM607228
1412,MIM607229
1413,MIM607230
1414,MIM607231
1415,MIM607232
1416,MIM607233
1417,MIM607234
1418,MIM607237
1419,MIM607252
1420,MIM607254
1421,MIM607255
1422,MIM607256
1423,MIM607267
1424,MIM607269
1425,MIM607276
1426,MIM607291
1427,MIM607294
1428,MIM607299
1429,MIM607312
1430,MIM607333
1431,MIM607338
1432,MIM607340
1433,MIM607342
1434,MIM607351
1435,MIM607352
1436,MIM607353
1437,MIM607371
1438,MIM607389
1439,MIM607390
1440,MIM607391
1441,MIM607406
1442,MIM607417
1443,MIM607418
1444,MIM607436
1445,MIM607442
1446,MIM607451
1447,MIM607455
1448,MIM607482
1449,MIM607487
1450,MIM607493
1451,MIM607497
1452,MIM607505
1453,MIM607519
1454,MIM607523
1455,MIM607525
1456,MIM607544
1457,MIM607551
1458,MIM607554
1459,MIM607572
1460,MIM607591
1461,MIM607594
1462,MIM607595
1463,MIM607606
1464,MIM607616
1465,MIM607625
1466,MIM607628
1467,MIM607631
1468,MIM607639
1469,MIM607646
1470,MIM607651
1471,MIM607668
1472,MIM607669
1473,MIM607673
1474,MIM607681
1475,MIM607682
1476,MIM607685
1477,MIM607688
1478,MIM607693
1479,MIM607701
1480,MIM607704
1481,MIM607707
1482,MIM607708
1483,MIM607717
1484,MIM607721
1485,MIM607723
1486,MIM607725
1487,MIM607726
1488,MIM607732
1489,MIM607737
1490,MIM607742
1491,MIM607743
1492,MIM607744
1493,MIM607745
1494,MIM607752
1495,MIM607755
1496,MIM607769
1497,MIM607770
1498,MIM607771
1499,MIM607772
1500,MIM607773
1501,MIM607774
1502,MIM607785
1503,MIM607788
1504,MIM607798
1505,MIM607799
1506,MIM607801
1507,MIM607802
1508,MIM607803
1509,MIM607804
1510,MIM607805
1511,MIM607810
1512,MIM607811
1513,MIM607815
1514,MIM607822
1515,MIM607832
1516,MIM607834
1517,MIM607847
1518,MIM607855
1519,MIM607867
1520,MIM607875
1521,MIM607884
1522,MIM607885
1523,MIM607886
1524,MIM607887
1525,MIM607888
1526,MIM607889
1527,MIM607890
1528,MIM607891
1529,MIM607902
1530,MIM607903
1531,MIM607904
1532,MIM607908
1533,MIM607922
1534,MIM607927
1535,MIM607933
1536,MIM607948
1537,MIM607955
1538,MIM607957
1539,MIM607959
1540,MIM607963
1541,MIM607964
1542,MIM607975
1543,MIM607981
1544,MIM607986
1545,MIM607990
1546,MIM608004
1547,MIM608011
1548,MIM608013
1549,MIM608016
1550,MIM608024
1551,MIM608030
1552,MIM608033
1553,MIM608067
1554,MIM608070
1555,MIM608074
1556,MIM608076
1557,MIM608083
1558,MIM608089
1559,MIM608099
1560,MIM608115
1561,MIM608119
1562,MIM608126
1563,MIM608127
1564,MIM608144
1565,MIM608148
1566,MIM608159
1567,MIM608162
1568,MIM608165
1569,MIM608171
1570,MIM608195
1571,MIM608205
1572,MIM608218
1573,MIM608230
1574,MIM608232
1575,MIM608245
1576,MIM608246
1577,MIM608247
1578,MIM608248
1579,MIM608254
1580,MIM608259
1581,MIM608266
1582,MIM608267
1583,MIM608268
1584,MIM608288
1585,MIM608289
1586,MIM608296
1587,MIM608300
1588,MIM608320
1589,MIM608336
1590,MIM608337
1591,MIM608338
1592,MIM608348
1593,MIM608349
1594,MIM608360
1595,MIM608364
1596,MIM608378
1597,MIM608409
1598,MIM608431
1599,MIM608434
1600,MIM608440
1601,MIM608443
1602,MIM608446
1603,MIM608456
1604,MIM608461
1605,MIM608488
1606,MIM608491
1607,MIM608516
1608,MIM608524
1609,MIM608525
1610,MIM608532
1611,MIM608538
1612,MIM608564
1613,MIM608569
1614,MIM608594
1615,MIM608622
1616,MIM608626
1617,MIM608627
1618,MIM608639
1619,MIM608642
1620,MIM608643
1621,MIM608654
1622,MIM608668
1623,MIM608699
1624,MIM608709
1625,MIM608721
1626,MIM608747
1627,MIM608751
1628,MIM608752
1629,MIM608758
1630,MIM608766
1631,MIM608774
1632,MIM608783
1633,MIM608784
1634,MIM608806
1635,MIM608807
1636,MIM608812
1637,MIM608817
1638,MIM608834
1639,MIM608841
1640,MIM608842
1641,MIM608853
1642,MIM608854
1643,MIM608858
1644,MIM608868
1645,MIM608869
1646,MIM608870
1647,MIM608880
1648,MIM608884
1649,MIM608886
1650,MIM608887
1651,MIM608888
1652,MIM608892
1653,MIM608895
1654,MIM608899
1655,MIM608900
1656,MIM608901
1657,MIM608922
1658,MIM608930
1659,MIM608931
1660,MIM608944
1661,MIM608945
1662,MIM608946
1663,MIM608947
1664,MIM608955
1665,MIM608961
1666,MIM608964
1667,MIM608974
1668,MIM608983
1669,MIM608992
1670,MIM608994
1671,MIM608998
1672,MIM609016
1673,MIM609024
1674,MIM609025
1675,MIM609028
1676,MIM609031
1677,MIM609034
1678,MIM609035
1679,MIM609048
1680,MIM609051
1681,MIM609059
1682,MIM609125
1683,MIM609142
1684,MIM609148
1685,MIM609152
1686,MIM609165
1687,MIM609181
1688,MIM609201
1689,MIM609208
1690,MIM609209
1691,MIM609238
1692,MIM609276
1693,MIM609278
1694,MIM609280
1695,MIM609291
1696,MIM609292
1697,MIM609293
1698,MIM609310
1699,MIM609343
1700,MIM609356
1701,MIM609365
1702,MIM609382
1703,MIM609396
1704,MIM609423
1705,MIM609433
1706,MIM609436
1707,MIM609459
1708,MIM609464
1709,MIM609479
1710,MIM609482
1711,MIM609492
1712,MIM609507
1713,MIM609511
1714,MIM609526
1715,MIM609532
1716,MIM609539
1717,MIM609564
1718,MIM609565
1719,MIM609567
1720,MIM609591
1721,MIM609592
1722,MIM609593
1723,MIM609594
1724,MIM609599
1725,MIM609604
1726,MIM609605
1727,MIM609613
1728,MIM609620
1729,MIM609621
1730,MIM609622
1731,MIM609632
1732,MIM609634
1733,MIM609639
1734,MIM609667
1735,MIM609671
1736,MIM609685
1737,MIM609691
1738,MIM609693
1739,MIM609696
1740,MIM609714
1741,MIM609715
1742,MIM609729
1743,MIM609730
1744,MIM609735
1745,MIM609736
1746,MIM609739
1747,MIM609741
1748,MIM609747
1749,MIM609753
1750,MIM609755
1751,MIM609762
1752,MIM609768
1753,MIM609779
1754,MIM609798
1755,MIM609799
1756,MIM609803
1757,MIM609819
1758,MIM609821
1759,MIM609828
1760,MIM609834
1761,MIM609848
1762,MIM609857
1763,MIM609867
1764,MIM609881
1765,MIM609886
1766,MIM609887
1767,MIM609896
1768,MIM609898
1769,MIM609899
1770,MIM609901
1771,MIM609909
1772,MIM609911
1773,MIM609921
1774,MIM609939
1775,MIM609978
1776,MIM609986
1777,MIM609991
1778,MIM609996
1779,MIM609997
1780,MIM609998
1781,MIM609999
1782,MIM610002
1783,MIM610004
1784,MIM610012
1785,MIM610013
1786,MIM610019
1787,MIM610025
1788,MIM610026
1789,MIM610028
1790,MIM610033
1791,MIM610043
1792,MIM610055
1793,MIM610060
1794,MIM610069
1795,MIM610090
1796,MIM610091
1797,MIM610096
1798,MIM610147
1799,MIM610149
1800,MIM610156
1801,MIM610162
1802,MIM610165
1803,MIM610166
1804,MIM610177
1805,MIM610183
1806,MIM610194
1807,MIM610199
1808,MIM610202
1809,MIM610211
1810,MIM610214
1811,MIM610227
1812,MIM610243
1813,MIM610269
1814,MIM610277
1815,MIM610292
1816,MIM610297
1817,MIM610302
1818,MIM610327
1819,MIM610328
1820,MIM610336
1821,MIM610340
1822,MIM610343
1823,MIM610344
1824,MIM610347
1825,MIM610350
1826,MIM610353
1827,MIM610364
1828,MIM610365
1829,MIM610370
1830,MIM610374
1831,MIM610413
1832,MIM610418
1833,MIM610424
1834,MIM610425
1835,MIM610451
1836,MIM610456
1837,MIM610458
1838,MIM610479
1839,MIM610486
1840,MIM610500
1841,MIM610521
1842,MIM610524
1843,MIM610528
1844,MIM610539
1845,MIM610542
1846,MIM610549
1847,MIM610560
1848,MIM610562
1849,MIM610582
1850,MIM610583
1851,MIM610597
1852,MIM610605
1853,MIM610606
1854,MIM610607
1855,MIM610614
1856,MIM610616
1857,MIM610618
1858,MIM610623
1859,MIM610629
1860,MIM610635
1861,MIM610644
1862,MIM610663
1863,MIM610672
1864,MIM610675
1865,MIM610699
1866,MIM610714
1867,MIM610717
1868,MIM610725
1869,MIM610731
1870,MIM610734
1871,MIM610736
1872,MIM610738
1873,MIM610750
1874,MIM610751
1875,MIM610771
1876,MIM610842
1877,MIM610846
1878,MIM610849
1879,MIM610855
1880,MIM610856
1881,MIM610876
1882,MIM610887
1883,MIM610909
1884,MIM610927
1885,MIM610929
1886,MIM610930
1887,MIM610931
1888,MIM610938
1889,MIM610947
1890,MIM610952
1891,MIM610970
1892,MIM610975
1893,MIM610979
1894,MIM610985
1895,MIM610988
1896,MIM611015
1897,MIM611016
1898,MIM611027
1899,MIM611042
1900,MIM611051
1901,MIM611066
1902,MIM611076
1903,MIM611077
1904,MIM611078
1905,MIM611079
1906,MIM611080
1907,MIM611081
1908,MIM611088
1909,MIM611092
1910,MIM611093
1911,MIM611098
1912,MIM611101
1913,MIM611105
1914,MIM611106
1915,MIM611108
1916,MIM611115
1917,MIM611118
1918,MIM611122
1919,MIM611124
1920,MIM611136
1921,MIM611138
1922,MIM611143
1923,MIM611158
1924,MIM611159
1925,MIM611160
1926,MIM611161
1927,MIM611162
1928,MIM611163
1929,MIM611170
1930,MIM611192
1931,MIM611194
1932,MIM611195
1933,MIM611197
1934,MIM611204
1935,MIM611205
1936,MIM611230
1937,MIM611233
1938,MIM611238
1939,MIM611259
1940,MIM611265
1941,MIM611275
1942,MIM611277
1943,MIM611285
1944,MIM611286
1945,MIM611293
1946,MIM611305
1947,MIM611307
1948,MIM611315
1949,MIM611325
1950,MIM611344
1951,MIM611354
1952,MIM611378
1953,MIM611389
1954,MIM611391
1955,MIM611407
1956,MIM611415
1957,MIM611416
1958,MIM611421
1959,MIM611424
1960,MIM611434
1961,MIM611439
1962,MIM611450
1963,MIM611458
1964,MIM611465
1965,MIM611466
1966,MIM611472
1967,MIM611486
1968,MIM611487
1969,MIM611488
1970,MIM611493
1971,MIM611507
1972,MIM611525
1973,MIM611540
1974,MIM611544
1975,MIM611546
1976,MIM611568
1977,MIM611583
1978,MIM611589
1979,MIM611590
1980,MIM611597
1981,MIM611615
1982,MIM611632
1983,MIM611639
1984,MIM611648
1985,MIM611674
1986,MIM611684
1987,MIM611690
1988,MIM611692
1989,MIM611718
1990,MIM611725
1991,MIM611726
1992,MIM611730
1993,MIM611743
1994,MIM611749
1995,MIM611779
1996,MIM611782
1997,MIM611788
1998,MIM611792
1999,MIM611799
2000,MIM611801
2001,MIM611803
2002,MIM611805
2003,MIM611813
2004,MIM611814
2005,MIM611815
2006,MIM611817
2007,MIM611818
2008,MIM611819
2009,MIM611820
2010,MIM611862
2011,MIM611868
2012,MIM611869
2013,MIM611878
2014,MIM611879
2015,MIM611880
2016,MIM611890
2017,MIM611893
2018,MIM611895
2019,MIM611901
2020,MIM611902
2021,MIM611905
2022,MIM611906
2023,MIM611909
2024,MIM611912
2025,MIM611916
2026,MIM611928
2027,MIM611930
2028,MIM611932
2029,MIM611933
2030,MIM611938
2031,MIM611942
2032,MIM611953
2033,MIM611998
2034,MIM612004
2035,MIM612012
2036,MIM612013
2037,MIM612018
2038,MIM612038
2039,MIM612045
2040,MIM612065
2041,MIM612066
2042,MIM612067
2043,MIM612068
2044,MIM612069
2045,MIM612079
2046,MIM612098
2047,MIM612100
2048,MIM612103
2049,MIM612104
2050,MIM612106
2051,MIM612111
2052,MIM612112
2053,MIM612118
2054,MIM612120
2055,MIM612121
2056,MIM612122
2057,MIM612123
2058,MIM612124
2059,MIM612135
2060,MIM612136
2061,MIM612141
2062,MIM612158
2063,MIM612189
2064,MIM612191
2065,MIM612194
2066,MIM612201
2067,MIM612218
2068,MIM612219
2069,MIM612220
2070,MIM612227
2071,MIM612229
2072,MIM612240
2073,MIM612244
2074,MIM612245
2075,MIM612251
2076,MIM612253
2077,MIM612261
2078,MIM612268
2079,MIM612269
2080,MIM612283
2081,MIM612292
2082,MIM612315
2083,MIM612322
2084,MIM612324
2085,MIM612328
2086,MIM612362
2087,MIM612371
2088,MIM612376
2089,MIM612387
2090,MIM612393
2091,MIM612422
2092,MIM612437
2093,MIM612441
2094,MIM612453
2095,MIM612454
2096,MIM612457
2097,MIM612462
2098,MIM612478
2099,MIM612494
2100,MIM612495
2101,MIM612497
2102,MIM612520
2103,MIM612522
2104,MIM612526
2105,MIM612527
2106,MIM612528
2107,MIM612541
2108,MIM612542
2109,MIM612544
2110,MIM612551
2111,MIM612552
2112,MIM612555
2113,MIM612560
2114,MIM612561
2115,MIM612562
2116,MIM612563
2117,MIM612577
2118,MIM612580
2119,MIM612581
2120,MIM612602
2121,MIM612621
2122,MIM612625
2123,MIM612661
2124,MIM612663
2125,MIM612664
2126,MIM612666
2127,MIM612674
2128,MIM612686
2129,MIM612704
2130,MIM612705
2131,MIM612706
2132,MIM612707
2133,MIM612708
2134,MIM612709
2135,MIM612711
2136,MIM612716
2137,MIM612723
2138,MIM612740
2139,MIM612753
2140,MIM612757
2141,MIM612780
2142,MIM612782
2143,MIM612783
2144,MIM612786
2145,MIM612797
2146,MIM612807
2147,MIM612808
2148,MIM612809
2149,MIM612810
2150,MIM612811
2151,MIM612815
2152,MIM612823
2153,MIM612852
2154,MIM612870
2155,MIM612877
2156,MIM612888
2157,MIM612889
2158,MIM612890
2159,MIM612891
2160,MIM612899
2161,MIM612900
2162,MIM612921
2163,MIM612953
2164,MIM612955
2165,MIM612956
2166,MIM613003
2167,MIM613013
2168,MIM613014
2169,MIM613020
2170,MIM613038
2171,MIM613039
2172,MIM613060
2173,MIM613068
2174,MIM613070
2175,MIM613086
2176,MIM613098
2177,MIM613099
2178,MIM613100
2179,MIM613107
2180,MIM613108
2181,MIM613115
2182,MIM613116
2183,MIM613118
2184,MIM613122
2185,MIM613128
2186,MIM613135
2187,MIM613148
2188,MIM613160
2189,MIM613172
2190,MIM613190
2191,MIM613192
2192,MIM613204
2193,MIM613205
2194,MIM613217
2195,MIM613223
2196,MIM613229
2197,MIM613237
2198,MIM613243
2199,MIM613244
2200,MIM613249
2201,MIM613250
2202,MIM613251
2203,MIM613252
2204,MIM613254
2205,MIM613255
2206,MIM613262
2207,MIM613272
2208,MIM613279
2209,MIM613286
2210,MIM613308
2211,MIM613309
2212,MIM613316
2213,MIM613323
2214,MIM613327
2215,MIM613345
2216,MIM613347
2217,MIM613348
2218,MIM613374
2219,MIM613377
2220,MIM613378
2221,MIM613381
2222,MIM613383
2223,MIM613384
2224,MIM613399
2225,MIM613408
2226,MIM613410
2227,MIM613419
2228,MIM613424
2229,MIM613426
2230,MIM613435
2231,MIM613436
2232,MIM613443
2233,MIM613463
2234,MIM613470
2235,MIM613474
2236,MIM613476
2237,MIM613478
2238,MIM613481
2239,MIM613482
2240,MIM613485
2241,MIM613493
2242,MIM613494
2243,MIM613495
2244,MIM613496
2245,MIM613504
2246,MIM613505
2247,MIM613512
2248,MIM613513
2249,MIM613524
2250,MIM613542
2251,MIM613554
2252,MIM613569
2253,MIM613578
2254,MIM613589
2255,MIM613622
2256,MIM613625
2257,MIM613635
2258,MIM613640
2259,MIM613642
2260,MIM613643
2261,MIM613656
2262,MIM613659
2263,MIM613670
2264,MIM613671
2265,MIM613673
2266,MIM613677
2267,MIM613679
2268,MIM613690
2269,MIM613692
2270,MIM613693
2271,MIM613694
2272,MIM613695
2273,MIM613696
2274,MIM613697
2275,MIM613708
2276,MIM613715
2277,MIM613723
2278,MIM613727
2279,MIM613734
2280,MIM613740
2281,MIM613743
2282,MIM613748
2283,MIM613757
2284,MIM613759
2285,MIM613761
2286,MIM613763
2287,MIM613765
2288,MIM613775
2289,MIM613777
2290,MIM613778
2291,MIM613780
2292,MIM613781
2293,MIM613784
2294,MIM613797
2295,MIM613798
2296,MIM613799
2297,MIM613817
2298,MIM613832
2299,MIM613833
2300,MIM613838
2301,MIM613839
2302,MIM613845
2303,MIM613858
2304,MIM613863
2305,MIM613873
2306,MIM613874
2307,MIM613875
2308,MIM613876
2309,MIM613877
2310,MIM613880
2311,MIM613881
2312,MIM613882
2313,MIM613886
2314,MIM613887
2315,MIM613915
2316,MIM613942
2317,MIM613950
2318,MIM613953
2319,MIM613954
2320,MIM613955
2321,MIM613956
2322,MIM613970
2323,MIM613972
2324,MIM613980
2325,MIM613981
2326,MIM613986
2327,MIM614009
2328,MIM614010
2329,MIM614018
2330,MIM614020
2331,MIM614022
2332,MIM614027
2333,MIM614032
2334,MIM614049
2335,MIM614050
2336,MIM614054
2337,MIM614064
2338,MIM614079
2339,MIM614080
2340,MIM614092
2341,MIM614093
2342,MIM614104
2343,MIM614113
2344,MIM614116
2345,MIM614121
2346,MIM614126
2347,MIM614127
2348,MIM614130
2349,MIM614131
2350,MIM614145
2351,MIM614147
2352,MIM614148
2353,MIM614151
2354,MIM614157
2355,MIM614158
2356,MIM614162
2357,MIM614163
2358,MIM614176
2359,MIM614177
2360,MIM614178
2361,MIM614195
2362,MIM614196
2363,MIM614198
2364,MIM614199
2365,MIM614201
2366,MIM614202
2367,MIM614203
2368,MIM614205
2369,MIM614212
2370,MIM614213
2371,MIM614244
2372,MIM614249
2373,MIM614250
2374,MIM614251
2375,MIM614254
2376,MIM614255
2377,MIM614256
2378,MIM614257
2379,MIM614270
2380,MIM614271
2381,MIM614272
2382,MIM614285
2383,MIM614286
2384,MIM614291
2385,MIM614307
2386,MIM614308
2387,MIM614312
2388,MIM614320
2389,MIM614331
2390,MIM614332
2391,MIM614337
2392,MIM614350
2393,MIM614357
2394,MIM614358
2395,MIM614359
2396,MIM614360
2397,MIM614361
2398,MIM614369
2399,MIM614373
2400,MIM614382
2401,MIM614383
2402,MIM614385
2403,MIM614388
2404,MIM614389
2405,MIM614390
2406,MIM614391
2407,MIM614395
2408,MIM614397
2409,MIM614401
2410,MIM614416
2411,MIM614417
2412,MIM614420
2413,MIM614440
2414,MIM614442
2415,MIM614448
2416,MIM614450
2417,MIM614451
2418,MIM614462
2419,MIM614480
2420,MIM614499
2421,MIM614511
2422,MIM614517
2423,MIM614518
2424,MIM614521
2425,MIM614535
2426,MIM614536
2427,MIM614556
2428,MIM614562
2429,MIM614563
2430,MIM614586
2431,MIM614591
2432,MIM614604
2433,MIM614605
2434,MIM614607
2435,MIM614608
2436,MIM614609
2437,MIM614610
2438,MIM614611
2439,MIM614612
2440,MIM614616
2441,MIM614621
2442,MIM614631
2443,MIM614639
2444,MIM614640
2445,MIM614653
2446,MIM614664
2447,MIM614666
2448,MIM614672
2449,MIM614677
2450,MIM614681
2451,MIM614691
2452,MIM614694
2453,MIM614696
2454,MIM614699
2455,MIM614700
2456,MIM614715
2457,MIM614716
2458,MIM614720
2459,MIM614725
2460,MIM614731
2461,MIM614740
2462,MIM614742
2463,MIM614748
2464,MIM614750
2465,MIM614759
2466,MIM614774
2467,MIM614781
2468,MIM614782
2469,MIM614792
2470,MIM614808
2471,MIM614810
2472,MIM614825
2473,MIM614828
2474,MIM614847
2475,MIM614854
2476,MIM614901
2477,MIM614910
2478,MIM614911
2479,MIM614918
